date,portfolio,ticker,cumulative_active_contribution_pct
2015-11-30,Current Portfolio,QQQ,0.08628004549050215
2015-12-31,Current Portfolio,QQQ,0.3948129105230546
2016-01-31,Current Portfolio,QQQ,-0.545616175536775
2016-02-29,Current Portfolio,QQQ,-1.0798538903635102
2016-03-31,Current Portfolio,QQQ,-1.039325165399219
2016-04-30,Current Portfolio,QQQ,-2.285171697561407
2016-05-31,Current Portfolio,QQQ,-1.3068016598970291
2016-06-30,Current Portfolio,QQQ,-2.197528055204327
2016-07-31,Current Portfolio,QQQ,-1.0009609152923258
2016-08-31,Current Portfolio,QQQ,-0.6779276744377265
2016-09-30,Current Portfolio,QQQ,0.08588490113518935
2016-10-31,Current Portfolio,QQQ,0.1866169648991202
2016-11-30,Current Portfolio,QQQ,-0.9711104191039208
2016-12-31,Current Portfolio,QQQ,-0.7604935880702722
2017-01-31,Current Portfolio,QQQ,-0.137076905573169
2017-02-28,Current Portfolio,QQQ,0.014281994859040109
2017-03-31,Current Portfolio,QQQ,0.6699932312233343
2017-04-30,Current Portfolio,QQQ,1.284072415066106
2017-05-31,Current Portfolio,QQQ,2.14577714928776
2017-06-30,Current Portfolio,QQQ,1.0863041199558714
2017-07-31,Current Portfolio,QQQ,1.7715697321785244
2017-08-31,Current Portfolio,QQQ,2.397887195332713
2017-09-30,Current Portfolio,QQQ,1.5732104684976413
2017-10-31,Current Portfolio,QQQ,2.3452518987812065
2017-11-30,Current Portfolio,QQQ,1.979995536537792
2017-12-31,Current Portfolio,QQQ,2.1189497790354928
2018-01-31,Current Portfolio,QQQ,2.834726162241449
2018-02-28,Current Portfolio,QQQ,3.6601147205561677
2018-03-31,Current Portfolio,QQQ,3.1994258544729495
2018-04-30,Current Portfolio,QQQ,3.1955551685582644
2018-05-31,Current Portfolio,QQQ,4.341407785188016
2018-06-30,Current Portfolio,QQQ,4.548398001055367
2018-07-31,Current Portfolio,QQQ,4.232864653800522
2018-08-31,Current Portfolio,QQQ,5.14155197571437
2018-09-30,Current Portfolio,QQQ,4.835761149804322
2018-10-31,Current Portfolio,QQQ,4.232439672600876
2018-11-30,Current Portfolio,QQQ,3.5039558872643934
2018-12-31,Current Portfolio,QQQ,3.380834565534687
2019-01-31,Current Portfolio,QQQ,3.937008524453408
2019-02-28,Current Portfolio,QQQ,3.848895274462847
2019-03-31,Current Portfolio,QQQ,4.60172617915511
2019-04-30,Current Portfolio,QQQ,5.10926530783453
2019-05-31,Current Portfolio,QQQ,4.448488261039973
2019-06-30,Current Portfolio,QQQ,4.663363594492024
2019-07-31,Current Portfolio,QQQ,4.959025706430477
2019-08-31,Current Portfolio,QQQ,4.878829957669857
2019-09-30,Current Portfolio,QQQ,4.521796169149598
2019-10-31,Current Portfolio,QQQ,5.259414353071836
2019-11-30,Current Portfolio,QQQ,5.4185735246798625
2019-12-31,Current Portfolio,QQQ,5.822142675796129
2020-01-31,Current Portfolio,QQQ,6.859809402861103
2020-02-29,Current Portfolio,QQQ,7.523757947646087
2020-03-31,Current Portfolio,QQQ,9.352256761276792
2020-04-30,Current Portfolio,QQQ,10.090899922875082
2020-05-31,Current Portfolio,QQQ,10.799463318118436
2020-06-30,Current Portfolio,QQQ,12.328579835958873
2020-07-31,Current Portfolio,QQQ,12.83488007977629
2020-08-31,Current Portfolio,QQQ,14.219706224193882
2020-09-30,Current Portfolio,QQQ,13.414315041406816
2020-10-31,Current Portfolio,QQQ,13.336680331581077
2020-11-30,Current Portfolio,QQQ,13.455790872773502
2020-12-31,Current Portfolio,QQQ,13.985121373061569
2021-01-31,Current Portfolio,QQQ,14.327974374812321
2021-02-28,Current Portfolio,QQQ,13.301779779052575
2021-03-31,Current Portfolio,QQQ,12.306536757558826
2021-04-30,Current Portfolio,QQQ,12.519158273129069
2021-05-31,Current Portfolio,QQQ,11.862647306350755
2021-06-30,Current Portfolio,QQQ,13.284918838198934
2021-07-31,Current Portfolio,QQQ,13.433441897004384
2021-08-31,Current Portfolio,QQQ,13.874588015516293
2021-09-30,Current Portfolio,QQQ,13.508850146729994
2021-10-31,Current Portfolio,QQQ,13.801434716088373
2021-11-30,Current Portfolio,QQQ,14.80117030454451
2021-12-31,Current Portfolio,QQQ,13.622886450354061
2022-01-31,Current Portfolio,QQQ,11.242115762134599
2022-02-28,Current Portfolio,QQQ,11.894102929019331
2022-03-31,Current Portfolio,QQQ,12.216691790936995
2022-04-30,Current Portfolio,QQQ,10.44984734792868
2022-05-31,Current Portfolio,QQQ,9.83075886093089
2022-06-30,Current Portfolio,QQQ,9.59054673865247
2022-07-31,Current Portfolio,QQQ,10.767340372975218
2022-08-31,Current Portfolio,QQQ,10.385753694227052
2022-09-30,Current Portfolio,QQQ,9.904325067444402
2022-10-31,Current Portfolio,QQQ,8.468235506050402
2022-11-30,Current Portfolio,QQQ,8.463345921882452
2022-12-31,Current Portfolio,QQQ,7.737677036222866
2023-01-31,Current Portfolio,QQQ,8.786858955684915
2023-02-28,Current Portfolio,QQQ,9.594122458620348
2023-03-31,Current Portfolio,QQQ,11.585292663145216
2023-04-30,Current Portfolio,QQQ,11.191316780710359
2023-05-31,Current Portfolio,QQQ,13.754846619130156
2023-06-30,Current Portfolio,QQQ,13.693135172537879
2023-07-31,Current Portfolio,QQQ,13.891497029934238
2023-08-31,Current Portfolio,QQQ,13.94308685247796
2023-09-30,Current Portfolio,QQQ,13.642040985257536
2023-10-31,Current Portfolio,QQQ,13.863725073264582
2023-11-30,Current Portfolio,QQQ,14.427167945769012
2023-12-31,Current Portfolio,QQQ,15.428510110373386
2024-01-31,Current Portfolio,QQQ,14.869331818804914
2024-02-29,Current Portfolio,QQQ,14.892078114560034
2024-03-31,Current Portfolio,QQQ,14.185154891513477
2024-04-30,Current Portfolio,QQQ,14.062357721884696
2024-05-31,Current Portfolio,QQQ,14.442481886265718
2024-06-30,Current Portfolio,QQQ,15.48070763361484
2024-07-31,Current Portfolio,QQQ,14.483422573547935
2024-08-31,Current Portfolio,QQQ,14.063029258368948
2024-09-30,Current Portfolio,QQQ,14.24302699255622
2024-10-31,Current Portfolio,QQQ,14.25319943681384
2024-11-30,Current Portfolio,QQQ,14.03653044334293
2024-12-31,Current Portfolio,QQQ,15.54570781831732
2025-01-31,Current Portfolio,QQQ,14.939755602519684
2025-02-28,Current Portfolio,QQQ,14.43500259489964
2025-03-31,Current Portfolio,QQQ,13.719269421436692
2025-04-30,Current Portfolio,QQQ,14.485661969242623
2025-05-31,Current Portfolio,QQQ,15.460541944935386
2025-06-30,Current Portfolio,QQQ,15.890091869247897
2025-07-31,Current Portfolio,QQQ,15.933620953175254
2025-08-31,Current Portfolio,QQQ,15.551289686148149
2025-09-30,Current Portfolio,QQQ,16.19485093348816
2025-10-31,Current Portfolio,QQQ,17.046155246375566
2025-11-30,Current Portfolio,QQQ,16.415403877922195
2025-12-31,Current Portfolio,QQQ,16.365568947339185
2026-01-31,Current Portfolio,QQQ,16.0678983798126
2026-02-28,Current Portfolio,QQQ,15.54848609430273
2026-03-31,Current Portfolio,QQQ,15.585113706682542
2026-04-30,Current Portfolio,QQQ,17.36440420610673
2026-05-31,Current Portfolio,QQQ,19.248284023037694
2026-06-30,Current Portfolio,QQQ,19.56732976929427
2026-07-31,Current Portfolio,QQQ,17.44548544906854
2026-08-31,Current Portfolio,QQQ,17.835234619102472
2015-11-30,Current Portfolio,SPMO,0.10117930234728179
2015-12-31,Current Portfolio,SPMO,-0.03415340645807285
2016-01-31,Current Portfolio,SPMO,0.19326505135309424
2016-02-29,Current Portfolio,SPMO,0.17485357254531597
2016-03-31,Current Portfolio,SPMO,-0.010771682320797607
2016-04-30,Current Portfolio,SPMO,0.004867350745930152
2016-05-31,Current Portfolio,SPMO,-0.25639377684520454
2016-06-30,Current Portfolio,SPMO,-0.38894655302694975
2016-07-31,Current Portfolio,SPMO,-0.21348472895015508
2016-08-31,Current Portfolio,SPMO,-0.23130178713657518
2016-09-30,Current Portfolio,SPMO,-0.15861849137048795
2016-10-31,Current Portfolio,SPMO,-0.17867478450758087
2016-11-30,Current Portfolio,SPMO,-0.8369185597131167
2016-12-31,Current Portfolio,SPMO,-0.5388640214534979
2017-01-31,Current Portfolio,SPMO,-0.7545183974928326
2017-02-28,Current Portfolio,SPMO,-0.7465100095673259
2017-03-31,Current Portfolio,SPMO,-1.0425791133490303
2017-04-30,Current Portfolio,SPMO,-0.7968882350724059
2017-05-31,Current Portfolio,SPMO,-0.7309863382249181
2017-06-30,Current Portfolio,SPMO,-0.5933068693452658
2017-07-31,Current Portfolio,SPMO,-0.5536370984742288
2017-08-31,Current Portfolio,SPMO,-0.43726617409693846
2017-09-30,Current Portfolio,SPMO,-0.5601479412368758
2017-10-31,Current Portfolio,SPMO,0.23735756696342536
2017-11-30,Current Portfolio,SPMO,0.17341666551932977
2017-12-31,Current Portfolio,SPMO,0.18433742471573644
2018-01-31,Current Portfolio,SPMO,0.3900743602839457
2018-02-28,Current Portfolio,SPMO,0.8633253731307365
2018-03-31,Current Portfolio,SPMO,0.684270893939991
2018-04-30,Current Portfolio,SPMO,0.8197919117864093
2018-05-31,Current Portfolio,SPMO,1.0503753393166146
2018-06-30,Current Portfolio,SPMO,0.9590190403077046
2018-07-31,Current Portfolio,SPMO,0.9338759798356886
2018-08-31,Current Portfolio,SPMO,1.124295922382644
2018-09-30,Current Portfolio,SPMO,1.2397996269162812
2018-10-31,Current Portfolio,SPMO,0.7954938373301477
2018-11-30,Current Portfolio,SPMO,0.7559511360833602
2018-12-31,Current Portfolio,SPMO,0.672676440156734
2019-01-31,Current Portfolio,SPMO,0.9560934854078027
2019-02-28,Current Portfolio,SPMO,1.060231891148856
2019-03-31,Current Portfolio,SPMO,1.2136960622897994
2019-04-30,Current Portfolio,SPMO,0.744287739666398
2019-05-31,Current Portfolio,SPMO,1.3419152531583742
2019-06-30,Current Portfolio,SPMO,1.030942317920833
2019-07-31,Current Portfolio,SPMO,0.9307077851198873
2019-08-31,Current Portfolio,SPMO,1.1278578765207001
2019-09-30,Current Portfolio,SPMO,0.884078221255362
2019-10-31,Current Portfolio,SPMO,0.5228749118594864
2019-11-30,Current Portfolio,SPMO,0.27239787979225977
2019-12-31,Current Portfolio,SPMO,0.16931519121945218
2020-01-31,Current Portfolio,SPMO,0.6038685499827121
2020-02-29,Current Portfolio,SPMO,0.5462821285849787
2020-03-31,Current Portfolio,SPMO,1.1399825129117351
2020-04-30,Current Portfolio,SPMO,0.9948886680184014
2020-05-31,Current Portfolio,SPMO,1.215528032954935
2020-06-30,Current Portfolio,SPMO,1.3318245795267125
2020-07-31,Current Portfolio,SPMO,1.5961294508404542
2020-08-31,Current Portfolio,SPMO,1.8225990817513922
2020-09-30,Current Portfolio,SPMO,1.9946035093877108
2020-10-31,Current Portfolio,SPMO,1.8134146581802804
2020-11-30,Current Portfolio,SPMO,1.3465963381152815
2020-12-31,Current Portfolio,SPMO,1.2843265000111506
2021-01-31,Current Portfolio,SPMO,1.4292441115924306
2021-02-28,Current Portfolio,SPMO,0.7920644002467444
2021-03-31,Current Portfolio,SPMO,0.3556419831542542
2021-04-30,Current Portfolio,SPMO,0.3662949669947121
2021-05-31,Current Portfolio,SPMO,0.1475883788194595
2021-06-30,Current Portfolio,SPMO,0.895593437575158
2021-07-31,Current Portfolio,SPMO,0.8632298161339076
2021-08-31,Current Portfolio,SPMO,1.109208466005805
2021-09-30,Current Portfolio,SPMO,1.0893891447405142
2021-10-31,Current Portfolio,SPMO,1.1416904304391613
2021-11-30,Current Portfolio,SPMO,0.8192505267959095
2021-12-31,Current Portfolio,SPMO,0.4774926770593481
2022-01-31,Current Portfolio,SPMO,0.03998992764141966
2022-02-28,Current Portfolio,SPMO,0.5046258622350082
2022-03-31,Current Portfolio,SPMO,0.4736907356533722
2022-04-30,Current Portfolio,SPMO,0.5128934022426752
2022-05-31,Current Portfolio,SPMO,0.7075748976892572
2022-06-30,Current Portfolio,SPMO,0.7163380794205677
2022-07-31,Current Portfolio,SPMO,0.5200863784009125
2022-08-31,Current Portfolio,SPMO,0.6950741452818422
2022-09-30,Current Portfolio,SPMO,1.0577991711462127
2022-10-31,Current Portfolio,SPMO,1.8708428387125726
2022-11-30,Current Portfolio,SPMO,1.5364147698672987
2022-12-31,Current Portfolio,SPMO,2.0367188178794895
2023-01-31,Current Portfolio,SPMO,0.9122897450735397
2023-02-28,Current Portfolio,SPMO,0.5830272185197167
2023-03-31,Current Portfolio,SPMO,0.2964283675228104
2023-04-30,Current Portfolio,SPMO,0.49788161700541744
2023-05-31,Current Portfolio,SPMO,-0.3856204081844377
2023-06-30,Current Portfolio,SPMO,-0.45110024208007743
2023-07-31,Current Portfolio,SPMO,-0.6704972527098162
2023-08-31,Current Portfolio,SPMO,-0.04988265251652628
2023-09-30,Current Portfolio,SPMO,0.5198055709983486
2023-10-31,Current Portfolio,SPMO,0.5133760515487135
2023-11-30,Current Portfolio,SPMO,0.6109125530385601
2023-12-31,Current Portfolio,SPMO,1.145374092574784
2024-01-31,Current Portfolio,SPMO,1.5250579790825896
2024-02-29,Current Portfolio,SPMO,2.4705629606446218
2024-03-31,Current Portfolio,SPMO,2.60584244990743
2024-04-30,Current Portfolio,SPMO,2.387895794772801
2024-05-31,Current Portfolio,SPMO,2.728280478858416
2024-06-30,Current Portfolio,SPMO,3.329478845300132
2024-07-31,Current Portfolio,SPMO,2.90336656179552
2024-08-31,Current Portfolio,SPMO,3.114201334283701
2024-09-30,Current Portfolio,SPMO,3.045283831260252
2024-10-31,Current Portfolio,SPMO,3.216793273243865
2024-11-30,Current Portfolio,SPMO,3.3159648471909673
2024-12-31,Current Portfolio,SPMO,3.56815670857811
2025-01-31,Current Portfolio,SPMO,3.8162506794360245
2025-02-28,Current Portfolio,SPMO,3.9715664156106576
2025-03-31,Current Portfolio,SPMO,3.737630584041704
2025-04-30,Current Portfolio,SPMO,4.183293842710289
2025-05-31,Current Portfolio,SPMO,4.921724596068703
2025-06-30,Current Portfolio,SPMO,5.191969186087958
2025-07-31,Current Portfolio,SPMO,5.2786246365505205
2025-08-31,Current Portfolio,SPMO,5.074309509557249
2025-09-30,Current Portfolio,SPMO,5.155475425429242
2025-10-31,Current Portfolio,SPMO,4.873074386676946
2025-11-30,Current Portfolio,SPMO,4.6432045259100745
2025-12-31,Current Portfolio,SPMO,4.662791506467466
2026-01-31,Current Portfolio,SPMO,4.4167985598191795
2026-02-28,Current Portfolio,SPMO,4.496573095513277
2026-03-31,Current Portfolio,SPMO,4.345890940729629
2026-04-30,Current Portfolio,SPMO,5.644982556158049
2026-05-31,Current Portfolio,SPMO,6.754941623441617
2026-06-30,Current Portfolio,SPMO,8.070010021974026
2026-07-31,Current Portfolio,SPMO,6.556670477055139
2026-08-31,Current Portfolio,SPMO,6.420122802440482
2015-11-30,Current Portfolio,AIA,-0.15074049906707412
2015-12-31,Current Portfolio,AIA,-0.2082555473312908
2016-01-31,Current Portfolio,AIA,-0.34253672356829806
2016-02-29,Current Portfolio,AIA,-0.3356434137359571
2016-03-31,Current Portfolio,AIA,-0.130865732222763
2016-04-30,Current Portfolio,AIA,-0.20319554107091686
2016-05-31,Current Portfolio,AIA,-0.3020506796864525
2016-06-30,Current Portfolio,AIA,-0.08220313690894322
2016-07-31,Current Portfolio,AIA,0.015153827016660123
2016-08-31,Current Portfolio,AIA,0.12591607708171693
2016-09-30,Current Portfolio,AIA,0.31088207191652784
2016-10-31,Current Portfolio,AIA,0.2899568511446443
2016-11-30,Current Portfolio,AIA,0.03381984180147847
2016-12-31,Current Portfolio,AIA,-0.17777663504153496
2017-01-31,Current Portfolio,AIA,0.07687605403493727
2017-02-28,Current Portfolio,AIA,-0.01630264053842643
2017-03-31,Current Portfolio,AIA,0.14233377137930828
2017-04-30,Current Portfolio,AIA,0.2115681748462584
2017-05-31,Current Portfolio,AIA,0.3563343846219192
2017-06-30,Current Portfolio,AIA,0.44064381048932627
2017-07-31,Current Portfolio,AIA,0.5989910129186317
2017-08-31,Current Portfolio,AIA,0.6535740452140516
2017-09-30,Current Portfolio,AIA,0.5792287088671922
2017-10-31,Current Portfolio,AIA,0.7281047316055834
2017-11-30,Current Portfolio,AIA,0.6517336107031402
2017-12-31,Current Portfolio,AIA,0.6864574126362066
2018-01-31,Current Portfolio,AIA,0.8354936807668711
2018-02-28,Current Portfolio,AIA,0.6848190078692741
2018-03-31,Current Portfolio,AIA,0.9106676327455722
2018-04-30,Current Portfolio,AIA,0.8108938231381668
2018-05-31,Current Portfolio,AIA,0.6243566316011717
2018-06-30,Current Portfolio,AIA,0.3358911843154777
2018-07-31,Current Portfolio,AIA,0.2144771832234227
2018-08-31,Current Portfolio,AIA,-1.0549170136302938e-05
2018-09-30,Current Portfolio,AIA,-0.05819449131909069
2018-10-31,Current Portfolio,AIA,-0.3165515605880237
2018-11-30,Current Portfolio,AIA,-0.16059655259623773
2018-12-31,Current Portfolio,AIA,0.169479892403705
2019-01-31,Current Portfolio,AIA,0.23341455217936682
2019-02-28,Current Portfolio,AIA,0.06464108106965906
2019-03-31,Current Portfolio,AIA,0.020443006746023187
2019-04-30,Current Portfolio,AIA,-0.017943789634541896
2019-05-31,Current Portfolio,AIA,-0.1878004792771415
2019-06-30,Current Portfolio,AIA,-0.1291056785531419
2019-07-31,Current Portfolio,AIA,-0.338275500723656
2019-08-31,Current Portfolio,AIA,-0.5173271781627331
2019-09-30,Current Portfolio,AIA,-0.4350006227224112
2019-10-31,Current Portfolio,AIA,-0.33360503753677323
2019-11-30,Current Portfolio,AIA,-0.4835856141798161
2019-12-31,Current Portfolio,AIA,-0.18267003629415074
2020-01-31,Current Portfolio,AIA,-0.4812172460717173
2020-02-29,Current Portfolio,AIA,-0.09784684376975597
2020-03-31,Current Portfolio,AIA,0.027060234894347265
2020-04-30,Current Portfolio,AIA,-0.17004422665260246
2020-05-31,Current Portfolio,AIA,-0.512702626939333
2020-06-30,Current Portfolio,AIA,-0.12869420331352235
2020-07-31,Current Portfolio,AIA,-0.06385240851712594
2020-08-31,Current Portfolio,AIA,-0.23782247374821755
2020-09-30,Current Portfolio,AIA,-0.11565866902241641
2020-10-31,Current Portfolio,AIA,0.22113499088688718
2020-11-30,Current Portfolio,AIA,0.17980844358729667
2020-12-31,Current Portfolio,AIA,0.396262380479357
2021-01-31,Current Portfolio,AIA,0.8033226935329325
2021-02-28,Current Portfolio,AIA,0.7203716494211594
2021-03-31,Current Portfolio,AIA,0.3561734784335986
2021-04-30,Current Portfolio,AIA,0.09804561763636709
2021-05-31,Current Portfolio,AIA,0.015627236654878845
2021-06-30,Current Portfolio,AIA,-0.05374003686163855
2021-07-31,Current Portfolio,AIA,-0.6018888003237592
2021-08-31,Current Portfolio,AIA,-0.8041561428046977
2021-09-30,Current Portfolio,AIA,-0.8673056493663366
2021-10-31,Current Portfolio,AIA,-1.0991461002479794
2021-11-30,Current Portfolio,AIA,-1.281268789342088
2021-12-31,Current Portfolio,AIA,-1.4462573776439602
2022-01-31,Current Portfolio,AIA,-1.3581909497699238
2022-02-28,Current Portfolio,AIA,-1.3261692459194219
2022-03-31,Current Portfolio,AIA,-1.7794826439928646
2022-04-30,Current Portfolio,AIA,-1.641067352976972
2022-05-31,Current Portfolio,AIA,-1.5604226208366427
2022-06-30,Current Portfolio,AIA,-1.3230357904732715
2022-07-31,Current Portfolio,AIA,-1.980909625997513
2022-08-31,Current Portfolio,AIA,-1.864850820197292
2022-09-30,Current Portfolio,AIA,-2.2074646132579394
2022-10-31,Current Portfolio,AIA,-3.019633388268301
2022-11-30,Current Portfolio,AIA,-2.019318455035251
2022-12-31,Current Portfolio,AIA,-1.6413434655680064
2023-01-31,Current Portfolio,AIA,-1.418765994472894
2023-02-28,Current Portfolio,AIA,-1.8206863695637558
2023-03-31,Current Portfolio,AIA,-1.704688853376504
2023-04-30,Current Portfolio,AIA,-2.0526107448309525
2023-05-31,Current Portfolio,AIA,-2.145984279563723
2023-06-30,Current Portfolio,AIA,-2.2764957115204045
2023-07-31,Current Portfolio,AIA,-2.131474058864936
2023-08-31,Current Portfolio,AIA,-2.480162237629242
2023-09-30,Current Portfolio,AIA,-2.4813760592623058
2023-10-31,Current Portfolio,AIA,-2.4925188954753685
2023-11-30,Current Portfolio,AIA,-2.623429608053561
2023-12-31,Current Portfolio,AIA,-2.642566637910969
2024-01-31,Current Portfolio,AIA,-3.1198884446338093
2024-02-29,Current Portfolio,AIA,-3.1119059899824006
2024-03-31,Current Portfolio,AIA,-2.968710001285569
2024-04-30,Current Portfolio,AIA,-2.704302933930522
2024-05-31,Current Portfolio,AIA,-2.7402964034490425
2024-06-30,Current Portfolio,AIA,-2.6468526374161807
2024-07-31,Current Portfolio,AIA,-2.7278775553152506
2024-08-31,Current Portfolio,AIA,-2.799423856384918
2024-09-30,Current Portfolio,AIA,-2.545813172144127
2024-10-31,Current Portfolio,AIA,-2.5548765242453872
2024-11-30,Current Portfolio,AIA,-3.016644189899099
2024-12-31,Current Portfolio,AIA,-2.835211814254831
2025-01-31,Current Portfolio,AIA,-2.8660736699882015
2025-02-28,Current Portfolio,AIA,-2.5575461679640203
2025-03-31,Current Portfolio,AIA,-2.3384412269513897
2025-04-30,Current Portfolio,AIA,-2.4502540234419485
2025-05-31,Current Portfolio,AIA,-2.435296364020013
2025-06-30,Current Portfolio,AIA,-2.211226682130497
2025-07-31,Current Portfolio,AIA,-2.196391004575718
2025-08-31,Current Portfolio,AIA,-2.1967739622224554
2025-09-30,Current Portfolio,AIA,-1.7956329353904448
2025-10-31,Current Portfolio,AIA,-1.6821841791927001
2025-11-30,Current Portfolio,AIA,-1.8824669795206261
2025-12-31,Current Portfolio,AIA,-1.6723871642083232
2026-01-31,Current Portfolio,AIA,-1.155068755068105
2026-02-28,Current Portfolio,AIA,-0.7148244688971155
2026-03-31,Current Portfolio,AIA,-0.9834982403644625
2026-04-30,Current Portfolio,AIA,-0.6565739520610651
2026-05-31,Current Portfolio,AIA,-0.19150499571509422
2026-06-30,Current Portfolio,AIA,-0.14368420493709272
2026-07-31,Current Portfolio,AIA,-0.4107822162763557
2026-08-31,Current Portfolio,AIA,-0.36955494543480943
2015-11-30,Current Portfolio,XLE,-0.019261648994147732
2015-12-31,Current Portfolio,XLE,-0.5100281670001339
2016-01-31,Current Portfolio,XLE,-0.38637909324615693
2016-02-29,Current Portfolio,XLE,-0.5262588388946648
2016-03-31,Current Portfolio,XLE,-0.3681959427098286
2016-04-30,Current Portfolio,XLE,0.06273756375347216
2016-05-31,Current Portfolio,XLE,-0.07522687802500429
2016-06-30,Current Portfolio,XLE,0.03978260003734357
2016-07-31,Current Portfolio,XLE,-0.19964067071641003
2016-08-31,Current Portfolio,XLE,-0.12239185379219032
2016-09-30,Current Portfolio,XLE,0.05960867283778869
2016-10-31,Current Portfolio,XLE,0.0031590770733769084
2016-11-30,Current Portfolio,XLE,0.24672881507746156
2016-12-31,Current Portfolio,XLE,0.26882383193174597
2017-01-31,Current Portfolio,XLE,-0.0070112591071597695
2017-02-28,Current Portfolio,XLE,-0.29865283403098913
2017-03-31,Current Portfolio,XLE,-0.37799844290505763
2017-04-30,Current Portfolio,XLE,-0.5772598557509258
2017-05-31,Current Portfolio,XLE,-0.8223209256508964
2017-06-30,Current Portfolio,XLE,-0.8606874464185196
2017-07-31,Current Portfolio,XLE,-0.8332012508060191
2017-08-31,Current Portfolio,XLE,-1.1229722897710634
2017-09-30,Current Portfolio,XLE,-0.7064612244929466
2017-10-31,Current Portfolio,XLE,-0.8627696612059523
2017-11-30,Current Portfolio,XLE,-0.9255024883350125
2017-12-31,Current Portfolio,XLE,-0.6897943621705303
2018-01-31,Current Portfolio,XLE,-0.8273074970758063
2018-02-28,Current Portfolio,XLE,-1.1895553301228314
2018-03-31,Current Portfolio,XLE,-0.9699455495685485
2018-04-30,Current Portfolio,XLE,-0.5179307379118027
2018-05-31,Current Portfolio,XLE,-0.4894901836165334
2018-06-30,Current Portfolio,XLE,-0.48977950833323025
2018-07-31,Current Portfolio,XLE,-0.5965175650293298
2018-08-31,Current Portfolio,XLE,-0.9308467037275172
2018-09-30,Current Portfolio,XLE,-0.8385368380750503
2018-10-31,Current Portfolio,XLE,-1.0644682332270212
2018-11-30,Current Portfolio,XLE,-1.2322795533191784
2018-12-31,Current Portfolio,XLE,-1.4239002852858709
2019-01-31,Current Portfolio,XLE,-1.2520039814065134
2019-02-28,Current Portfolio,XLE,-1.29909922027321
2019-03-31,Current Portfolio,XLE,-1.2829224420070773
2019-04-30,Current Portfolio,XLE,-1.493171683597001
2019-05-31,Current Portfolio,XLE,-1.7345542018278783
2019-06-30,Current Portfolio,XLE,-1.6160981932816267
2019-07-31,Current Portfolio,XLE,-1.775089650622377
2019-08-31,Current Portfolio,XLE,-2.1134852715478205
2019-09-30,Current Portfolio,XLE,-2.0148138608385384
2019-10-31,Current Portfolio,XLE,-2.22390326885616
2019-11-30,Current Portfolio,XLE,-2.3258186742582088
2019-12-31,Current Portfolio,XLE,-2.1826264612634803
2020-01-31,Current Portfolio,XLE,-2.73593345647693
2020-02-29,Current Portfolio,XLE,-3.1120261974473302
2020-03-31,Current Portfolio,XLE,-4.211048154180422
2020-04-30,Current Portfolio,XLE,-3.1749251317102907
2020-05-31,Current Portfolio,XLE,-3.4220726920985607
2020-06-30,Current Portfolio,XLE,-3.56093443690589
2020-07-31,Current Portfolio,XLE,-4.09187771593595
2020-08-31,Current Portfolio,XLE,-4.492743295858589
2020-09-30,Current Portfolio,XLE,-4.997917216211198
2020-10-31,Current Portfolio,XLE,-5.106365732001283
2020-11-30,Current Portfolio,XLE,-4.269614018318817
2020-12-31,Current Portfolio,XLE,-4.1585111087019015
2021-01-31,Current Portfolio,XLE,-3.9888996169228625
2021-02-28,Current Portfolio,XLE,-2.999038633868106
2021-03-31,Current Portfolio,XLE,-3.0780503899856857
2021-04-30,Current Portfolio,XLE,-3.3047583630245367
2021-05-31,Current Portfolio,XLE,-3.049667061347162
2021-06-30,Current Portfolio,XLE,-2.9490118760863124
2021-07-31,Current Portfolio,XLE,-3.492853183342986
2021-08-31,Current Portfolio,XLE,-3.745425117088537
2021-09-30,Current Portfolio,XLE,-3.0509756946372533
2021-10-31,Current Portfolio,XLE,-2.8876664818133184
2021-11-30,Current Portfolio,XLE,-3.102268486292986
2021-12-31,Current Portfolio,XLE,-3.224089390142315
2022-01-31,Current Portfolio,XLE,-2.0046456368858565
2022-02-28,Current Portfolio,XLE,-1.4655119932602816
2022-03-31,Current Portfolio,XLE,-1.1825958928935736
2022-04-30,Current Portfolio,XLE,-0.8112641979100457
2022-05-31,Current Portfolio,XLE,-0.03980050867008339
2022-06-30,Current Portfolio,XLE,-0.4975104771919561
2022-07-31,Current Portfolio,XLE,-0.47466981558262156
2022-08-31,Current Portfolio,XLE,-0.12579548286118544
2022-09-30,Current Portfolio,XLE,-0.14253045817332974
2022-10-31,Current Portfolio,XLE,0.6943393320772064
2022-11-30,Current Portfolio,XLE,0.49477010428695867
2022-12-31,Current Portfolio,XLE,0.6459147904963005
2023-01-31,Current Portfolio,XLE,0.4520752926808577
2023-02-28,Current Portfolio,XLE,0.21525129176188512
2023-03-31,Current Portfolio,XLE,0.03319726073369915
2023-04-30,Current Portfolio,XLE,0.0941113739064689
2023-05-31,Current Portfolio,XLE,-0.4236423466745823
2023-06-30,Current Portfolio,XLE,-0.40194948761379107
2023-07-31,Current Portfolio,XLE,-0.18460383871398447
2023-08-31,Current Portfolio,XLE,-0.015061571087966154
2023-09-30,Current Portfolio,XLE,0.46956533724138916
2023-10-31,Current Portfolio,XLE,0.18343448915148583
2023-11-30,Current Portfolio,XLE,-0.28727136291586497
2023-12-31,Current Portfolio,XLE,-0.4327438702468387
2024-01-31,Current Portfolio,XLE,-0.621051396942198
2024-02-29,Current Portfolio,XLE,-0.7188314193328169
2024-03-31,Current Portfolio,XLE,-0.35357828281956194
2024-04-30,Current Portfolio,XLE,-0.19503507979370424
2024-05-31,Current Portfolio,XLE,-0.4631248996084312
2024-06-30,Current Portfolio,XLE,-0.7122688322680912
2024-07-31,Current Portfolio,XLE,-0.6605344605896337
2024-08-31,Current Portfolio,XLE,-0.8752477203848478
2024-09-30,Current Portfolio,XLE,-1.1278053687765264
2024-10-31,Current Portfolio,XLE,-1.033891583415972
2024-11-30,Current Portfolio,XLE,-0.9393656226266642
2024-12-31,Current Portfolio,XLE,-1.3614900195027546
2025-01-31,Current Portfolio,XLE,-1.332593788177242
2025-02-28,Current Portfolio,XLE,-1.0759754134946435
2025-03-31,Current Portfolio,XLE,-0.6158084174508515
2025-04-30,Current Portfolio,XLE,-1.244068278643774
2025-05-31,Current Portfolio,XLE,-1.4849413935787426
2025-06-30,Current Portfolio,XLE,-1.4981948279604074
2025-07-31,Current Portfolio,XLE,-1.4710193605499478
2025-08-31,Current Portfolio,XLE,-1.3917040207081366
2025-09-30,Current Portfolio,XLE,-1.588342483077887
2025-10-31,Current Portfolio,XLE,-1.7780281926029429
2025-11-30,Current Portfolio,XLE,-1.6529556484083754
2025-12-31,Current Portfolio,XLE,-1.654992271244592
2026-01-31,Current Portfolio,XLE,-1.0426712133741534
2026-02-28,Current Portfolio,XLE,-0.5211813448121265
2026-03-31,Current Portfolio,XLE,0.27665855880660684
2026-04-30,Current Portfolio,XLE,-0.367204455418314
2026-05-31,Current Portfolio,XLE,-0.9198408469234759
2026-06-30,Current Portfolio,XLE,-1.1238463217058237
2026-07-31,Current Portfolio,XLE,-0.5692711856559551
2026-08-31,Current Portfolio,XLE,-0.45906331874734363
2015-11-30,Current Portfolio,SCHD,-0.004264431094693766
2015-12-31,Current Portfolio,SCHD,0.06681974212137343
2016-01-31,Current Portfolio,SCHD,0.17394998219041227
2016-02-29,Current Portfolio,SCHD,0.21644877331225004
2016-03-31,Current Portfolio,SCHD,0.20140848303509154
2016-04-30,Current Portfolio,SCHD,0.1731404649846097
2016-05-31,Current Portfolio,SCHD,0.1573332598349625
2016-06-30,Current Portfolio,SCHD,0.28186354375759726
2016-07-31,Current Portfolio,SCHD,0.2428522961202001
2016-08-31,Current Portfolio,SCHD,0.22061843924978675
2016-09-30,Current Portfolio,SCHD,0.2294135877227416
2016-10-31,Current Portfolio,SCHD,0.23845826532396808
2016-11-30,Current Portfolio,SCHD,0.21714623851434245
2016-12-31,Current Portfolio,SCHD,0.267650083615108
2017-01-31,Current Portfolio,SCHD,0.12084657614052638
2017-02-28,Current Portfolio,SCHD,0.09582983436121181
2017-03-31,Current Portfolio,SCHD,0.09667244289587759
2017-04-30,Current Portfolio,SCHD,0.05894967854617513
2017-05-31,Current Portfolio,SCHD,0.07548995360441843
2017-06-30,Current Portfolio,SCHD,0.037946463350032565
2017-07-31,Current Portfolio,SCHD,0.0187928584354707
2017-08-31,Current Portfolio,SCHD,0.0030459253030195744
2017-09-30,Current Portfolio,SCHD,0.045528014817394734
2017-10-31,Current Portfolio,SCHD,0.10703382537153358
2017-11-30,Current Portfolio,SCHD,0.16236254493621702
2017-12-31,Current Portfolio,SCHD,0.2310649099270151
2018-01-31,Current Portfolio,SCHD,0.1437236793880031
2018-02-28,Current Portfolio,SCHD,0.04358322381300735
2018-03-31,Current Portfolio,SCHD,0.06110635089542846
2018-04-30,Current Portfolio,SCHD,-0.021395676601877505
2018-05-31,Current Portfolio,SCHD,-0.05352400832058572
2018-06-30,Current Portfolio,SCHD,-0.04721499309477854
2018-07-31,Current Portfolio,SCHD,-0.005533343364636553
2018-08-31,Current Portfolio,SCHD,-0.05076937411709231
2018-09-30,Current Portfolio,SCHD,-0.018487998867088344
2018-10-31,Current Portfolio,SCHD,0.03289677681555076
2018-11-30,Current Portfolio,SCHD,0.10721122695294123
2018-12-31,Current Portfolio,SCHD,0.11620346805085777
2019-01-31,Current Portfolio,SCHD,0.04728466795941462
2019-02-28,Current Portfolio,SCHD,0.08820050367083494
2019-03-31,Current Portfolio,SCHD,0.07494740762458758
2019-04-30,Current Portfolio,SCHD,0.030247469131204303
2019-05-31,Current Portfolio,SCHD,-0.032127550186265064
2019-06-30,Current Portfolio,SCHD,-0.01612086403682272
2019-07-31,Current Portfolio,SCHD,-0.008616316709834143
2019-08-31,Current Portfolio,SCHD,0.010557841708612688
2019-09-30,Current Portfolio,SCHD,0.10240688174340536
2019-10-31,Current Portfolio,SCHD,0.06065798810570617
2019-11-30,Current Portfolio,SCHD,0.020604151998430638
2019-12-31,Current Portfolio,SCHD,-0.0024296898317083737
2020-01-31,Current Portfolio,SCHD,-0.09826228233397688
2020-02-29,Current Portfolio,SCHD,-0.17138253105276674
2020-03-31,Current Portfolio,SCHD,-0.1410364535543513
2020-04-30,Current Portfolio,SCHD,-0.04728959181723618
2020-05-31,Current Portfolio,SCHD,-0.19315867993279617
2020-06-30,Current Portfolio,SCHD,-0.3096876973784341
2020-07-31,Current Portfolio,SCHD,-0.33919447129332875
2020-08-31,Current Portfolio,SCHD,-0.4319697435047793
2020-09-30,Current Portfolio,SCHD,-0.3870043571138471
2020-10-31,Current Portfolio,SCHD,-0.23100920460861601
2020-11-30,Current Portfolio,SCHD,-0.11900653155545733
2020-12-31,Current Portfolio,SCHD,-0.1515354080632842
2021-01-31,Current Portfolio,SCHD,-0.14517934761383916
2021-02-28,Current Portfolio,SCHD,0.019666283703051977
2021-03-31,Current Portfolio,SCHD,0.2413051546449668
2021-04-30,Current Portfolio,SCHD,0.0899608620397246
2021-05-31,Current Portfolio,SCHD,0.21937660684962995
2021-06-30,Current Portfolio,SCHD,0.055763908105158015
2021-07-31,Current Portfolio,SCHD,-0.03489478298818134
2021-08-31,Current Portfolio,SCHD,-0.07987209316003226
2021-09-30,Current Portfolio,SCHD,-0.03035828620492182
2021-10-31,Current Portfolio,SCHD,-0.15914025447813124
2021-11-30,Current Portfolio,SCHD,-0.22278113174245612
2021-12-31,Current Portfolio,SCHD,-0.12428196844392286
2022-01-31,Current Portfolio,SCHD,-0.014192206518731697
2022-02-28,Current Portfolio,SCHD,0.08784519824593992
2022-03-31,Current Portfolio,SCHD,0.04901340971258546
2022-04-30,Current Portfolio,SCHD,0.2929553419251357
2022-05-31,Current Portfolio,SCHD,0.47226115669115937
2022-06-30,Current Portfolio,SCHD,0.4873150078652249
2022-07-31,Current Portfolio,SCHD,0.22079582299277473
2022-08-31,Current Portfolio,SCHD,0.290894218593391
2022-09-30,Current Portfolio,SCHD,0.388349375392325
2022-10-31,Current Portfolio,SCHD,0.5417912166099681
2022-11-30,Current Portfolio,SCHD,0.601282681832806
2022-12-31,Current Portfolio,SCHD,0.7785227598695427
2023-01-31,Current Portfolio,SCHD,0.5028067911837676
2023-02-28,Current Portfolio,SCHD,0.4596843907674209
2023-03-31,Current Portfolio,SCHD,0.22584655593002215
2023-04-30,Current Portfolio,SCHD,0.10167377136413305
2023-05-31,Current Portfolio,SCHD,-0.12371851342168891
2023-06-30,Current Portfolio,SCHD,-0.18186401973255495
2023-07-31,Current Portfolio,SCHD,-0.13777937171024324
2023-08-31,Current Portfolio,SCHD,-0.13095382154621193
2023-09-30,Current Portfolio,SCHD,-0.09382694729240248
2023-10-31,Current Portfolio,SCHD,-0.18561263815423504
2023-11-30,Current Portfolio,SCHD,-0.32089823796369765
2023-12-31,Current Portfolio,SCHD,-0.1514996869588897
2024-01-31,Current Portfolio,SCHD,-0.307376629023805
2024-02-29,Current Portfolio,SCHD,-0.4773580308065156
2024-03-31,Current Portfolio,SCHD,-0.4070181507552622
2024-04-30,Current Portfolio,SCHD,-0.43178018593813755
2024-05-31,Current Portfolio,SCHD,-0.5810016219912151
2024-06-30,Current Portfolio,SCHD,-0.7579531237630787
2024-07-31,Current Portfolio,SCHD,-0.5119929350984314
2024-08-31,Current Portfolio,SCHD,-0.5107858219074256
2024-09-30,Current Portfolio,SCHD,-0.5702370701163166
2024-10-31,Current Portfolio,SCHD,-0.5135557561110388
2024-11-30,Current Portfolio,SCHD,-0.5821957379108894
2024-12-31,Current Portfolio,SCHD,-0.802286832429242
2025-01-31,Current Portfolio,SCHD,-0.8444161153383511
2025-02-28,Current Portfolio,SCHD,-0.6522951913310686
2025-03-31,Current Portfolio,SCHD,-0.4277324097503598
2025-04-30,Current Portfolio,SCHD,-0.7559576438064746
2025-05-31,Current Portfolio,SCHD,-0.9931716969004556
2025-06-30,Current Portfolio,SCHD,-1.1350366859398675
2025-07-31,Current Portfolio,SCHD,-1.2538668244865947
2025-08-31,Current Portfolio,SCHD,-1.0893825069582463
2025-09-30,Current Portfolio,SCHD,-1.3349607742816703
2025-10-31,Current Portfolio,SCHD,-1.5581511786929756
2025-11-30,Current Portfolio,SCHD,-1.407026036136386
2025-12-31,Current Portfolio,SCHD,-1.3645061052239758
2026-01-31,Current Portfolio,SCHD,-1.031980061026345
2026-02-28,Current Portfolio,SCHD,-0.660885748737641
2026-03-31,Current Portfolio,SCHD,-0.5389304401336461
2026-04-30,Current Portfolio,SCHD,-0.831835720026756
2026-05-31,Current Portfolio,SCHD,-1.0307546875331877
2026-06-30,Current Portfolio,SCHD,-1.063090361335534
2026-07-31,Current Portfolio,SCHD,-0.8101117869342737
2026-08-31,Current Portfolio,SCHD,-0.7476942316662764
2015-11-30,Current Portfolio,GLD,-2.1633164711803565
2015-12-31,Current Portfolio,GLD,-1.940243005454991
2016-01-31,Current Portfolio,GLD,1.4357089710443138
2016-02-29,Current Portfolio,GLD,4.836881907345238
2016-03-31,Current Portfolio,GLD,2.749608182996085
2016-04-30,Current Portfolio,GLD,4.155577457634991
2016-05-31,Current Portfolio,GLD,1.6922908573967874
2016-06-30,Current Portfolio,GLD,4.199401004250909
2016-07-31,Current Portfolio,GLD,3.712745770319406
2016-08-31,Current Portfolio,GLD,2.7079650909692483
2016-09-30,Current Portfolio,GLD,2.910622921769126
2016-10-31,Current Portfolio,GLD,2.532385779466073
2016-11-30,Current Portfolio,GLD,-1.1463856353308322
2016-12-31,Current Portfolio,GLD,-2.050512828257883
2017-01-31,Current Portfolio,GLD,-1.3105518258953108
2017-02-28,Current Portfolio,GLD,-1.5271354660043626
2017-03-31,Current Portfolio,GLD,-1.690484852264651
2017-04-30,Current Portfolio,GLD,-1.4676887332495703
2017-05-31,Current Portfolio,GLD,-1.9238908523992773
2017-06-30,Current Portfolio,GLD,-2.782097686610907
2017-07-31,Current Portfolio,GLD,-2.7066286971873987
2017-08-31,Current Portfolio,GLD,-1.529491705673629
2017-09-30,Current Portfolio,GLD,-3.177148253022568
2017-10-31,Current Portfolio,GLD,-4.0903296499258355
2017-11-30,Current Portfolio,GLD,-4.869564772722319
2017-12-31,Current Portfolio,GLD,-4.68624534059068
2018-01-31,Current Portfolio,GLD,-5.324574298504158
2018-02-28,Current Portfolio,GLD,-4.853560582705217
2018-03-31,Current Portfolio,GLD,-3.857952319565484
2018-04-30,Current Portfolio,GLD,-4.302282490559127
2018-05-31,Current Portfolio,GLD,-5.401011671679202
2018-06-30,Current Portfolio,GLD,-6.7052688710929775
2018-07-31,Current Portfolio,GLD,-8.475951188758327
2018-08-31,Current Portfolio,GLD,-10.079657698302574
2018-09-30,Current Portfolio,GLD,-10.455179729243472
2018-10-31,Current Portfolio,GLD,-7.684354358944294
2018-11-30,Current Portfolio,GLD,-8.13095761702667
2018-12-31,Current Portfolio,GLD,-3.966002541595584
2019-01-31,Current Portfolio,GLD,-5.534342168611009
2019-02-28,Current Portfolio,GLD,-6.695935284899614
2019-03-31,Current Portfolio,GLD,-7.735633193585708
2019-04-30,Current Portfolio,GLD,-9.196722248436854
2019-05-31,Current Portfolio,GLD,-6.70366049524768
2019-06-30,Current Portfolio,GLD,-6.399047057070513
2019-07-31,Current Portfolio,GLD,-6.862407895915999
2019-08-31,Current Portfolio,GLD,-3.9358666233252335
2019-09-30,Current Portfolio,GLD,-5.525876721658747
2019-10-31,Current Portfolio,GLD,-5.422982473798241
2019-11-30,Current Portfolio,GLD,-7.494934085254363
2019-12-31,Current Portfolio,GLD,-7.217326375999882
2020-01-31,Current Portfolio,GLD,-5.878445069991824
2020-02-29,Current Portfolio,GLD,-3.6498274069836496
2020-03-31,Current Portfolio,GLD,0.04584863513451276
2020-04-30,Current Portfolio,GLD,-1.0469195655066594
2020-05-31,Current Portfolio,GLD,-2.2270836124233333
2020-06-30,Current Portfolio,GLD,-1.9470587539451918
2020-07-31,Current Portfolio,GLD,-0.4875151083741787
2020-08-31,Current Portfolio,GLD,-2.6738502622286804
2020-09-30,Current Portfolio,GLD,-2.52977230322953
2020-10-31,Current Portfolio,GLD,-2.2295397832402934
2020-11-30,Current Portfolio,GLD,-7.006472495524944
2020-12-31,Current Portfolio,GLD,-5.967166261585013
2021-01-31,Current Portfolio,GLD,-6.703241017045005
2021-02-28,Current Portfolio,GLD,-9.431135744063537
2021-03-31,Current Portfolio,GLD,-11.14840669508546
2021-04-30,Current Portfolio,GLD,-11.657249018024372
2021-05-31,Current Portfolio,GLD,-9.530401500104588
2021-06-30,Current Portfolio,GLD,-12.378538709445259
2021-07-31,Current Portfolio,GLD,-12.351701026514615
2021-08-31,Current Portfolio,GLD,-13.280517957612556
2021-09-30,Current Portfolio,GLD,-12.84000079506627
2021-10-31,Current Portfolio,GLD,-14.478044631551345
2021-11-30,Current Portfolio,GLD,-14.443333365140914
2021-12-31,Current Portfolio,GLD,-15.21166305745883
2022-01-31,Current Portfolio,GLD,-14.038440858396628
2022-02-28,Current Portfolio,GLD,-11.040038073879389
2022-03-31,Current Portfolio,GLD,-11.796515126211457
2022-04-30,Current Portfolio,GLD,-9.688798158371204
2022-05-31,Current Portfolio,GLD,-10.709858135728487
2022-06-30,Current Portfolio,GLD,-8.631644920545426
2022-07-31,Current Portfolio,GLD,-12.191163410599378
2022-08-31,Current Portfolio,GLD,-11.837695936704757
2022-09-30,Current Portfolio,GLD,-9.805880264143147
2022-10-31,Current Portfolio,GLD,-12.761772204153818
2022-11-30,Current Portfolio,GLD,-11.941539738104817
2022-12-31,Current Portfolio,GLD,-9.272301709191558
2023-01-31,Current Portfolio,GLD,-9.626143592309324
2023-02-28,Current Portfolio,GLD,-10.542506189622339
2023-03-31,Current Portfolio,GLD,-9.30093028289333
2023-04-30,Current Portfolio,GLD,-9.528763152944219
2023-05-31,Current Portfolio,GLD,-10.062720215413536
2023-06-30,Current Portfolio,GLD,-12.675751633258836
2023-07-31,Current Portfolio,GLD,-12.961075914250294
2023-08-31,Current Portfolio,GLD,-12.853030598716522
2023-09-30,Current Portfolio,GLD,-12.300048701382128
2023-10-31,Current Portfolio,GLD,-10.043537859434693
2023-11-30,Current Portfolio,GLD,-11.936697176158411
2023-12-31,Current Portfolio,GLD,-12.466717175535287
2024-01-31,Current Portfolio,GLD,-13.854586006215156
2024-02-29,Current Portfolio,GLD,-15.290564598666863
2024-03-31,Current Portfolio,GLD,-13.651179756962614
2024-04-30,Current Portfolio,GLD,-11.489095966845825
2024-05-31,Current Portfolio,GLD,-12.513485706803774
2024-06-30,Current Portfolio,GLD,-13.62134491012616
2024-07-31,Current Portfolio,GLD,-12.391571023102028
2024-08-31,Current Portfolio,GLD,-12.462987521971707
2024-09-30,Current Portfolio,GLD,-11.578273159844445
2024-10-31,Current Portfolio,GLD,-9.945878527384782
2024-11-30,Current Portfolio,GLD,-12.701248788111533
2024-12-31,Current Portfolio,GLD,-12.465035453455725
2025-01-31,Current Portfolio,GLD,-11.176750642028537
2025-02-28,Current Portfolio,GLD,-10.24414370476012
2025-03-31,Current Portfolio,GLD,-5.669911180349075
2025-04-30,Current Portfolio,GLD,-3.8442959234822824
2025-05-31,Current Portfolio,GLD,-5.6751656286124135
2025-06-30,Current Portfolio,GLD,-7.072512586256565
2025-07-31,Current Portfolio,GLD,-7.97539974023188
2025-08-31,Current Portfolio,GLD,-7.099238929835377
2025-09-30,Current Portfolio,GLD,-4.6070423018413855
2025-10-31,Current Portfolio,GLD,-4.249321339176762
2025-11-30,Current Portfolio,GLD,-2.656740849349152
2025-12-31,Current Portfolio,GLD,-1.909972748818155
2026-01-31,Current Portfolio,GLD,1.166940805695723
2026-02-28,Current Portfolio,GLD,4.049389706865211
2026-03-31,Current Portfolio,GLD,2.124506247909502
2026-04-30,Current Portfolio,GLD,-1.4188393997647935
2026-05-31,Current Portfolio,GLD,-3.4901980771564824
2026-06-30,Current Portfolio,GLD,-6.800875901746591
2026-07-31,Current Portfolio,GLD,-6.574386904035559
2026-08-31,Current Portfolio,GLD,-4.514810062919699
2015-11-30,Current Portfolio,138920,-0.1597766425065006
2015-12-31,Current Portfolio,138920,-0.1981972400999099
2016-01-31,Current Portfolio,138920,-0.07378453786873906
2016-02-29,Current Portfolio,138920,-0.2367238649162268
2016-03-31,Current Portfolio,138920,0.07081130391342781
2016-04-30,Current Portfolio,138920,0.6064558262597219
2016-05-31,Current Portfolio,138920,0.6362565336199622
2016-06-30,Current Portfolio,138920,1.0000365889163665
2016-07-31,Current Portfolio,138920,0.3092888148783779
2016-08-31,Current Portfolio,138920,0.2277843394296303
2016-09-30,Current Portfolio,138920,0.2736294909162429
2016-10-31,Current Portfolio,138920,0.40982442938318764
2016-11-30,Current Portfolio,138920,0.25775130327308937
2016-12-31,Current Portfolio,138920,-0.16348956825871622
2017-01-31,Current Portfolio,138920,-0.07654903587826446
2017-02-28,Current Portfolio,138920,-0.16414550135748776
2017-03-31,Current Portfolio,138920,-0.3959415972540476
2017-04-30,Current Portfolio,138920,-0.6138825571498631
2017-05-31,Current Portfolio,138920,-0.8621096678318042
2017-06-30,Current Portfolio,138920,-0.9758606848380871
2017-07-31,Current Portfolio,138920,-0.597327117489508
2017-08-31,Current Portfolio,138920,-0.9431653738676545
2017-09-30,Current Portfolio,138920,-1.029958504105097
2017-10-31,Current Portfolio,138920,-0.9579734566518557
2017-11-30,Current Portfolio,138920,-0.9287816577937726
2017-12-31,Current Portfolio,138920,-1.0960676646053749
2018-01-31,Current Portfolio,138920,-1.241040749682232
2018-02-28,Current Portfolio,138920,-0.8758123261358015
2018-03-31,Current Portfolio,138920,-0.8177787709309098
2018-04-30,Current Portfolio,138920,-0.7400129160055464
2018-05-31,Current Portfolio,138920,-1.0883125579637176
2018-06-30,Current Portfolio,138920,-2.0830365412537994
2018-07-31,Current Portfolio,138920,-2.1986545634955763
2018-08-31,Current Portfolio,138920,-2.669856349363218
2018-09-30,Current Portfolio,138920,-2.5906806887244054
2018-10-31,Current Portfolio,138920,-2.4619304728167926
2018-11-30,Current Portfolio,138920,-2.259379170566474
2018-12-31,Current Portfolio,138920,-1.8650488486648569
2019-01-31,Current Portfolio,138920,-2.050142777833342
2019-02-28,Current Portfolio,138920,-2.349858916169657
2019-03-31,Current Portfolio,138920,-2.6483761035414806
2019-04-30,Current Portfolio,138920,-3.2166362016706884
2019-05-31,Current Portfolio,138920,-2.915800640360907
2019-06-30,Current Portfolio,138920,-3.0704181360320337
2019-07-31,Current Portfolio,138920,-3.3832727653053216
2019-08-31,Current Portfolio,138920,-3.5537309234243177
2019-09-30,Current Portfolio,138920,-3.529978987064273
2019-10-31,Current Portfolio,138920,-3.298470181834575
2019-11-30,Current Portfolio,138920,-3.790039202032997
2019-12-31,Current Portfolio,138920,-3.6309060018474177
2020-01-31,Current Portfolio,138920,-4.055001441313641
2020-02-29,Current Portfolio,138920,-3.8237607110738856
2020-03-31,Current Portfolio,138920,-3.2285174259402285
2020-04-30,Current Portfolio,138920,-4.191532277122714
2020-05-31,Current Portfolio,138920,-4.485834537727993
2020-06-30,Current Portfolio,138920,-4.380493492012449
2020-07-31,Current Portfolio,138920,-4.442519558646076
2020-08-31,Current Portfolio,138920,-4.405737734941906
2020-09-30,Current Portfolio,138920,-3.969529352105549
2020-10-31,Current Portfolio,138920,-3.4438660037966065
2020-11-30,Current Portfolio,138920,-3.212286892671936
2020-12-31,Current Portfolio,138920,-2.9352290285920435
2021-01-31,Current Portfolio,138920,-2.730788203239943
2021-02-28,Current Portfolio,138920,-2.7767394834662182
2021-03-31,Current Portfolio,138920,-3.147866555323256
2021-04-30,Current Portfolio,138920,-2.804540601995385
2021-05-31,Current Portfolio,138920,-2.7554299621423852
2021-06-30,Current Portfolio,138920,-3.364548418439295
2021-07-31,Current Portfolio,138920,-3.324325514885397
2021-08-31,Current Portfolio,138920,-3.7786875950456165
2021-09-30,Current Portfolio,138920,-3.78817497337156
2021-10-31,Current Portfolio,138920,-4.2047144377215915
2021-11-30,Current Portfolio,138920,-4.330163201793186
2021-12-31,Current Portfolio,138920,-4.1297599497334545
2022-01-31,Current Portfolio,138920,-3.5641620295542826
2022-02-28,Current Portfolio,138920,-2.7571260917293694
2022-03-31,Current Portfolio,138920,-2.9355765022941527
2022-04-30,Current Portfolio,138920,-2.559299916229539
2022-05-31,Current Portfolio,138920,-2.285231389763748
2022-06-30,Current Portfolio,138920,-2.3573717321531373
2022-07-31,Current Portfolio,138920,-2.976258295226429
2022-08-31,Current Portfolio,138920,-2.9323901508611026
2022-09-30,Current Portfolio,138920,-2.911457874567682
2022-10-31,Current Portfolio,138920,-3.3076654225641766
2022-11-30,Current Portfolio,138920,-3.057010195343385
2022-12-31,Current Portfolio,138920,-2.3665422205454543
2023-01-31,Current Portfolio,138920,-2.504517041421116
2023-02-28,Current Portfolio,138920,-2.79419395861916
2023-03-31,Current Portfolio,138920,-2.979819479468508
2023-04-30,Current Portfolio,138920,-3.3509993459343046
2023-05-31,Current Portfolio,138920,-3.7454969785716425
2023-06-30,Current Portfolio,138920,-3.4176038766459977
2023-07-31,Current Portfolio,138920,-3.102937960062794
2023-08-31,Current Portfolio,138920,-3.1061530312704857
2023-09-30,Current Portfolio,138920,-3.247902836654168
2023-10-31,Current Portfolio,138920,-3.212387674350048
2023-11-30,Current Portfolio,138920,-3.244540634600858
2023-12-31,Current Portfolio,138920,-3.64324307746392
2024-01-31,Current Portfolio,138920,-4.281814892256994
2024-02-29,Current Portfolio,138920,-4.917811921070839
2024-03-31,Current Portfolio,138920,-4.900657133731088
2024-04-30,Current Portfolio,138920,-4.96384109123402
2024-05-31,Current Portfolio,138920,-5.0055157938346735
2024-06-30,Current Portfolio,138920,-5.531326718238865
2024-07-31,Current Portfolio,138920,-5.896193536984431
2024-08-31,Current Portfolio,138920,-6.017194576560198
2024-09-30,Current Portfolio,138920,-5.755959661348679
2024-10-31,Current Portfolio,138920,-6.388802297711978
2024-11-30,Current Portfolio,138920,-6.691550935711042
2024-12-31,Current Portfolio,138920,-6.893929274776285
2025-01-31,Current Portfolio,138920,-6.64944929024852
2025-02-28,Current Portfolio,138920,-6.567437467192532
2025-03-31,Current Portfolio,138920,-6.586849872340707
2025-04-30,Current Portfolio,138920,-6.323018757695147
2025-05-31,Current Portfolio,138920,-6.442746250057928
2025-06-30,Current Portfolio,138920,-6.597222709272336
2025-07-31,Current Portfolio,138920,-6.996571765112207
2025-08-31,Current Portfolio,138920,-6.825036947565012
2025-09-30,Current Portfolio,138920,-7.280502336203769
2025-10-31,Current Portfolio,138920,-7.040560476749063
2025-11-30,Current Portfolio,138920,-7.093741055708365
2025-12-31,Current Portfolio,138920,-7.364759007470062
2026-01-31,Current Portfolio,138920,-7.383476065231822
2026-02-28,Current Portfolio,138920,-6.9732125094654
2026-03-31,Current Portfolio,138920,-6.985048677197129
2026-04-30,Current Portfolio,138920,-7.271804532712335
2026-05-31,Current Portfolio,138920,-7.639687248281025
2026-06-30,Current Portfolio,138920,-8.091263545174792
2026-07-31,Current Portfolio,138920,-7.4473562324351885
2026-08-31,Current Portfolio,138920,-7.142674020791523
2015-11-30,KAW Core Revised Internal,QQQ,0.024651441568714908
2015-12-31,KAW Core Revised Internal,QQQ,0.11280368872087278
2016-01-31,KAW Core Revised Internal,QQQ,-0.15589033586765
2016-02-29,KAW Core Revised Internal,QQQ,-0.3085296829610029
2016-03-31,KAW Core Revised Internal,QQQ,-0.29695004725691976
2016-04-30,KAW Core Revised Internal,QQQ,-0.6529061993032593
2016-05-31,KAW Core Revised Internal,QQQ,-0.37337190282772276
2016-06-30,KAW Core Revised Internal,QQQ,-0.627865158629808
2016-07-31,KAW Core Revised Internal,QQQ,-0.28598883294066463
2016-08-31,KAW Core Revised Internal,QQQ,-0.19369362126792192
2016-09-30,KAW Core Revised Internal,QQQ,0.024538543181482617
2016-10-31,KAW Core Revised Internal,QQQ,0.05331913282832
2016-11-30,KAW Core Revised Internal,QQQ,-0.27746011974397744
2016-12-31,KAW Core Revised Internal,QQQ,-0.21728388230579213
2017-01-31,KAW Core Revised Internal,QQQ,-0.0391648301637626
2017-02-28,KAW Core Revised Internal,QQQ,0.0040805699597257225
2017-03-31,KAW Core Revised Internal,QQQ,0.1914266374923812
2017-04-30,KAW Core Revised Internal,QQQ,0.3668778328760303
2017-05-31,KAW Core Revised Internal,QQQ,0.6130791855107888
2017-06-30,KAW Core Revised Internal,QQQ,0.31037260570167763
2017-07-31,KAW Core Revised Internal,QQQ,0.5061627806224356
2017-08-31,KAW Core Revised Internal,QQQ,0.6851106272379183
2017-09-30,KAW Core Revised Internal,QQQ,0.4494887052850406
2017-10-31,KAW Core Revised Internal,QQQ,0.670071971080345
2017-11-30,KAW Core Revised Internal,QQQ,0.5657130104393694
2017-12-31,KAW Core Revised Internal,QQQ,0.6054142225815696
2018-01-31,KAW Core Revised Internal,QQQ,0.8099217606404143
2018-02-28,KAW Core Revised Internal,QQQ,1.0457470630160484
2018-03-31,KAW Core Revised Internal,QQQ,0.9141216727065572
2018-04-30,KAW Core Revised Internal,QQQ,0.9130157624452184
2018-05-31,KAW Core Revised Internal,QQQ,1.240402224339433
2018-06-30,KAW Core Revised Internal,QQQ,1.299542286015819
2018-07-31,KAW Core Revised Internal,QQQ,1.209389901085863
2018-08-31,KAW Core Revised Internal,QQQ,1.4690148502041054
2018-09-30,KAW Core Revised Internal,QQQ,1.3816460428012343
2018-10-31,KAW Core Revised Internal,QQQ,1.209268477885964
2018-11-30,KAW Core Revised Internal,QQQ,1.001130253504112
2018-12-31,KAW Core Revised Internal,QQQ,0.9659527330099104
2019-01-31,KAW Core Revised Internal,QQQ,1.1248595784152593
2019-02-28,KAW Core Revised Internal,QQQ,1.0996843641322416
2019-03-31,KAW Core Revised Internal,QQQ,1.3147789083300307
2019-04-30,KAW Core Revised Internal,QQQ,1.4597900879527224
2019-05-31,KAW Core Revised Internal,QQQ,1.2709966460114206
2019-06-30,KAW Core Revised Internal,QQQ,1.3323895984262921
2019-07-31,KAW Core Revised Internal,QQQ,1.4168644875515644
2019-08-31,KAW Core Revised Internal,QQQ,1.3939514164771014
2019-09-30,KAW Core Revised Internal,QQQ,1.2919417626141703
2019-10-31,KAW Core Revised Internal,QQQ,1.5026898151633816
2019-11-30,KAW Core Revised Internal,QQQ,1.5481638641942461
2019-12-31,KAW Core Revised Internal,QQQ,1.6634693359417505
2020-01-31,KAW Core Revised Internal,QQQ,1.9599455436746003
2020-02-29,KAW Core Revised Internal,QQQ,2.1496451278988813
2020-03-31,KAW Core Revised Internal,QQQ,2.672073360364797
2020-04-30,KAW Core Revised Internal,QQQ,2.883114263678594
2020-05-31,KAW Core Revised Internal,QQQ,3.085560948033838
2020-06-30,KAW Core Revised Internal,QQQ,3.5224513817025347
2020-07-31,KAW Core Revised Internal,QQQ,3.667108594221796
2020-08-31,KAW Core Revised Internal,QQQ,4.062773206912537
2020-09-30,KAW Core Revised Internal,QQQ,3.832661440401947
2020-10-31,KAW Core Revised Internal,QQQ,3.810480094737449
2020-11-30,KAW Core Revised Internal,QQQ,3.8445116779352846
2020-12-31,KAW Core Revised Internal,QQQ,3.995748963731875
2021-01-31,KAW Core Revised Internal,QQQ,4.093706964232091
2021-02-28,KAW Core Revised Internal,QQQ,3.800508508300735
2021-03-31,KAW Core Revised Internal,QQQ,3.5161533593025207
2021-04-30,KAW Core Revised Internal,QQQ,3.5769023637511626
2021-05-31,KAW Core Revised Internal,QQQ,3.389327801814501
2021-06-30,KAW Core Revised Internal,QQQ,3.795691096628266
2021-07-31,KAW Core Revised Internal,QQQ,3.8381262562869667
2021-08-31,KAW Core Revised Internal,QQQ,3.9641680044332257
2021-09-30,KAW Core Revised Internal,QQQ,3.859671470494283
2021-10-31,KAW Core Revised Internal,QQQ,3.9432670617395345
2021-11-30,KAW Core Revised Internal,QQQ,4.2289058012984295
2021-12-31,KAW Core Revised Internal,QQQ,3.8922532715297304
2022-01-31,KAW Core Revised Internal,QQQ,3.212033074895599
2022-02-28,KAW Core Revised Internal,QQQ,3.398315122576951
2022-03-31,KAW Core Revised Internal,QQQ,3.490483368839141
2022-04-30,KAW Core Revised Internal,QQQ,2.985670670836765
2022-05-31,KAW Core Revised Internal,QQQ,2.8087882459802533
2022-06-30,KAW Core Revised Internal,QQQ,2.740156211043563
2022-07-31,KAW Core Revised Internal,QQQ,3.076382963707205
2022-08-31,KAW Core Revised Internal,QQQ,2.9673581983505857
2022-09-30,KAW Core Revised Internal,QQQ,2.8298071621269716
2022-10-31,KAW Core Revised Internal,QQQ,2.419495858871543
2022-11-30,KAW Core Revised Internal,QQQ,2.4180988348235575
2022-12-31,KAW Core Revised Internal,QQQ,2.2107648674922475
2023-01-31,KAW Core Revised Internal,QQQ,2.51053113019569
2023-02-28,KAW Core Revised Internal,QQQ,2.7411778453200997
2023-03-31,KAW Core Revised Internal,QQQ,3.3100836180414905
2023-04-30,KAW Core Revised Internal,QQQ,3.1975190802029596
2023-05-31,KAW Core Revised Internal,QQQ,3.92995617689433
2023-06-30,KAW Core Revised Internal,QQQ,3.912324335010823
2023-07-31,KAW Core Revised Internal,QQQ,3.968999151409782
2023-08-31,KAW Core Revised Internal,QQQ,3.9837391007079876
2023-09-30,KAW Core Revised Internal,QQQ,3.897725995787867
2023-10-31,KAW Core Revised Internal,QQQ,3.961064306647023
2023-11-30,KAW Core Revised Internal,QQQ,4.122047984505431
2023-12-31,KAW Core Revised Internal,QQQ,4.408145745820967
2024-01-31,KAW Core Revised Internal,QQQ,4.2483805196585465
2024-02-29,KAW Core Revised Internal,QQQ,4.254879461302866
2024-03-31,KAW Core Revised Internal,QQQ,4.052901397575277
2024-04-30,KAW Core Revised Internal,QQQ,4.017816491967055
2024-05-31,KAW Core Revised Internal,QQQ,4.126423396075919
2024-06-30,KAW Core Revised Internal,QQQ,4.423059323889953
2024-07-31,KAW Core Revised Internal,QQQ,4.13812073529941
2024-08-31,KAW Core Revised Internal,QQQ,4.018008359533984
2024-09-30,KAW Core Revised Internal,QQQ,4.06943628358749
2024-10-31,KAW Core Revised Internal,QQQ,4.072342696232524
2024-11-30,KAW Core Revised Internal,QQQ,4.010437269526549
2024-12-31,KAW Core Revised Internal,QQQ,4.441630805233517
2025-01-31,KAW Core Revised Internal,QQQ,4.268501600719907
2025-02-28,KAW Core Revised Internal,QQQ,4.12428645568561
2025-03-31,KAW Core Revised Internal,QQQ,3.9197912632676255
2025-04-30,KAW Core Revised Internal,QQQ,4.138760562640749
2025-05-31,KAW Core Revised Internal,QQQ,4.417297698552966
2025-06-30,KAW Core Revised Internal,QQQ,4.540026248356541
2025-07-31,KAW Core Revised Internal,QQQ,4.552463129478642
2025-08-31,KAW Core Revised Internal,QQQ,4.443225624613755
2025-09-30,KAW Core Revised Internal,QQQ,4.627100266710901
2025-10-31,KAW Core Revised Internal,QQQ,4.870330070393019
2025-11-30,KAW Core Revised Internal,QQQ,4.690115393692055
2025-12-31,KAW Core Revised Internal,QQQ,4.67587684209691
2026-01-31,KAW Core Revised Internal,QQQ,4.590828108517886
2026-02-28,KAW Core Revised Internal,QQQ,4.4424245983722095
2026-03-31,KAW Core Revised Internal,QQQ,4.452889630480727
2026-04-30,KAW Core Revised Internal,QQQ,4.961258344601924
2026-05-31,KAW Core Revised Internal,QQQ,5.499509720867914
2026-06-30,KAW Core Revised Internal,QQQ,5.590665648369791
2026-07-31,KAW Core Revised Internal,QQQ,4.984424414019584
2026-08-31,KAW Core Revised Internal,QQQ,5.095781319743564
2015-11-30,KAW Core Revised Internal,SCHD,-0.008528862189387532
2015-12-31,KAW Core Revised Internal,SCHD,0.13363948424274685
2016-01-31,KAW Core Revised Internal,SCHD,0.34789996438082454
2016-02-29,KAW Core Revised Internal,SCHD,0.4328975466245001
2016-03-31,KAW Core Revised Internal,SCHD,0.4028169660701831
2016-04-30,KAW Core Revised Internal,SCHD,0.3462809299692194
2016-05-31,KAW Core Revised Internal,SCHD,0.314666519669925
2016-06-30,KAW Core Revised Internal,SCHD,0.5637270875151945
2016-07-31,KAW Core Revised Internal,SCHD,0.4857045922404002
2016-08-31,KAW Core Revised Internal,SCHD,0.4412368784995735
2016-09-30,KAW Core Revised Internal,SCHD,0.4588271754454832
2016-10-31,KAW Core Revised Internal,SCHD,0.47691653064793615
2016-11-30,KAW Core Revised Internal,SCHD,0.4342924770286849
2016-12-31,KAW Core Revised Internal,SCHD,0.535300167230216
2017-01-31,KAW Core Revised Internal,SCHD,0.24169315228105276
2017-02-28,KAW Core Revised Internal,SCHD,0.19165966872242363
2017-03-31,KAW Core Revised Internal,SCHD,0.19334488579175518
2017-04-30,KAW Core Revised Internal,SCHD,0.11789935709235026
2017-05-31,KAW Core Revised Internal,SCHD,0.15097990720883686
2017-06-30,KAW Core Revised Internal,SCHD,0.07589292670006513
2017-07-31,KAW Core Revised Internal,SCHD,0.0375857168709414
2017-08-31,KAW Core Revised Internal,SCHD,0.006091850606039149
2017-09-30,KAW Core Revised Internal,SCHD,0.09105602963478947
2017-10-31,KAW Core Revised Internal,SCHD,0.21406765074306716
2017-11-30,KAW Core Revised Internal,SCHD,0.32472508987243404
2017-12-31,KAW Core Revised Internal,SCHD,0.4621298198540302
2018-01-31,KAW Core Revised Internal,SCHD,0.2874473587760062
2018-02-28,KAW Core Revised Internal,SCHD,0.0871664476260147
2018-03-31,KAW Core Revised Internal,SCHD,0.12221270179085691
2018-04-30,KAW Core Revised Internal,SCHD,-0.04279135320375501
2018-05-31,KAW Core Revised Internal,SCHD,-0.10704801664117145
2018-06-30,KAW Core Revised Internal,SCHD,-0.09442998618955709
2018-07-31,KAW Core Revised Internal,SCHD,-0.011066686729273106
2018-08-31,KAW Core Revised Internal,SCHD,-0.10153874823418461
2018-09-30,KAW Core Revised Internal,SCHD,-0.03697599773417669
2018-10-31,KAW Core Revised Internal,SCHD,0.06579355363110152
2018-11-30,KAW Core Revised Internal,SCHD,0.21442245390588247
2018-12-31,KAW Core Revised Internal,SCHD,0.23240693610171553
2019-01-31,KAW Core Revised Internal,SCHD,0.09456933591882924
2019-02-28,KAW Core Revised Internal,SCHD,0.17640100734166989
2019-03-31,KAW Core Revised Internal,SCHD,0.14989481524917517
2019-04-30,KAW Core Revised Internal,SCHD,0.06049493826240861
2019-05-31,KAW Core Revised Internal,SCHD,-0.06425510037253013
2019-06-30,KAW Core Revised Internal,SCHD,-0.03224172807364544
2019-07-31,KAW Core Revised Internal,SCHD,-0.017232633419668287
2019-08-31,KAW Core Revised Internal,SCHD,0.021115683417225375
2019-09-30,KAW Core Revised Internal,SCHD,0.2048137634868107
2019-10-31,KAW Core Revised Internal,SCHD,0.12131597621141234
2019-11-30,KAW Core Revised Internal,SCHD,0.041208303996861276
2019-12-31,KAW Core Revised Internal,SCHD,-0.004859379663416747
2020-01-31,KAW Core Revised Internal,SCHD,-0.19652456466795376
2020-02-29,KAW Core Revised Internal,SCHD,-0.3427650621055335
2020-03-31,KAW Core Revised Internal,SCHD,-0.2820729071087026
2020-04-30,KAW Core Revised Internal,SCHD,-0.09457918363447236
2020-05-31,KAW Core Revised Internal,SCHD,-0.38631735986559235
2020-06-30,KAW Core Revised Internal,SCHD,-0.6193753947568682
2020-07-31,KAW Core Revised Internal,SCHD,-0.6783889425866575
2020-08-31,KAW Core Revised Internal,SCHD,-0.8639394870095586
2020-09-30,KAW Core Revised Internal,SCHD,-0.7740087142276942
2020-10-31,KAW Core Revised Internal,SCHD,-0.46201840921723203
2020-11-30,KAW Core Revised Internal,SCHD,-0.23801306311091466
2020-12-31,KAW Core Revised Internal,SCHD,-0.3030708161265684
2021-01-31,KAW Core Revised Internal,SCHD,-0.2903586952276783
2021-02-28,KAW Core Revised Internal,SCHD,0.039332567406103955
2021-03-31,KAW Core Revised Internal,SCHD,0.4826103092899336
2021-04-30,KAW Core Revised Internal,SCHD,0.1799217240794492
2021-05-31,KAW Core Revised Internal,SCHD,0.4387532136992599
2021-06-30,KAW Core Revised Internal,SCHD,0.11152781621031603
2021-07-31,KAW Core Revised Internal,SCHD,-0.06978956597636268
2021-08-31,KAW Core Revised Internal,SCHD,-0.1597441863200645
2021-09-30,KAW Core Revised Internal,SCHD,-0.06071657240984364
2021-10-31,KAW Core Revised Internal,SCHD,-0.3182805089562625
2021-11-30,KAW Core Revised Internal,SCHD,-0.44556226348491224
2021-12-31,KAW Core Revised Internal,SCHD,-0.24856393688784573
2022-01-31,KAW Core Revised Internal,SCHD,-0.028384413037463394
2022-02-28,KAW Core Revised Internal,SCHD,0.17569039649187984
2022-03-31,KAW Core Revised Internal,SCHD,0.09802681942517091
2022-04-30,KAW Core Revised Internal,SCHD,0.5859106838502715
2022-05-31,KAW Core Revised Internal,SCHD,0.9445223133823187
2022-06-30,KAW Core Revised Internal,SCHD,0.9746300157304498
2022-07-31,KAW Core Revised Internal,SCHD,0.44159164598554945
2022-08-31,KAW Core Revised Internal,SCHD,0.581788437186782
2022-09-30,KAW Core Revised Internal,SCHD,0.77669875078465
2022-10-31,KAW Core Revised Internal,SCHD,1.0835824332199362
2022-11-30,KAW Core Revised Internal,SCHD,1.202565363665612
2022-12-31,KAW Core Revised Internal,SCHD,1.5570455197390853
2023-01-31,KAW Core Revised Internal,SCHD,1.0056135823675352
2023-02-28,KAW Core Revised Internal,SCHD,0.9193687815348418
2023-03-31,KAW Core Revised Internal,SCHD,0.4516931118600443
2023-04-30,KAW Core Revised Internal,SCHD,0.2033475427282661
2023-05-31,KAW Core Revised Internal,SCHD,-0.24743702684337782
2023-06-30,KAW Core Revised Internal,SCHD,-0.3637280394651099
2023-07-31,KAW Core Revised Internal,SCHD,-0.2755587434204865
2023-08-31,KAW Core Revised Internal,SCHD,-0.26190764309242387
2023-09-30,KAW Core Revised Internal,SCHD,-0.18765389458480497
2023-10-31,KAW Core Revised Internal,SCHD,-0.3712252763084701
2023-11-30,KAW Core Revised Internal,SCHD,-0.6417964759273953
2023-12-31,KAW Core Revised Internal,SCHD,-0.3029993739177794
2024-01-31,KAW Core Revised Internal,SCHD,-0.61475325804761
2024-02-29,KAW Core Revised Internal,SCHD,-0.9547160616130312
2024-03-31,KAW Core Revised Internal,SCHD,-0.8140363015105244
2024-04-30,KAW Core Revised Internal,SCHD,-0.8635603718762751
2024-05-31,KAW Core Revised Internal,SCHD,-1.1620032439824302
2024-06-30,KAW Core Revised Internal,SCHD,-1.5159062475261573
2024-07-31,KAW Core Revised Internal,SCHD,-1.0239858701968627
2024-08-31,KAW Core Revised Internal,SCHD,-1.0215716438148512
2024-09-30,KAW Core Revised Internal,SCHD,-1.1404741402326333
2024-10-31,KAW Core Revised Internal,SCHD,-1.0271115122220775
2024-11-30,KAW Core Revised Internal,SCHD,-1.1643914758217788
2024-12-31,KAW Core Revised Internal,SCHD,-1.604573664858484
2025-01-31,KAW Core Revised Internal,SCHD,-1.6888322306767023
2025-02-28,KAW Core Revised Internal,SCHD,-1.3045903826621372
2025-03-31,KAW Core Revised Internal,SCHD,-0.8554648195007196
2025-04-30,KAW Core Revised Internal,SCHD,-1.5119152876129491
2025-05-31,KAW Core Revised Internal,SCHD,-1.9863433938009112
2025-06-30,KAW Core Revised Internal,SCHD,-2.270073371879735
2025-07-31,KAW Core Revised Internal,SCHD,-2.5077336489731894
2025-08-31,KAW Core Revised Internal,SCHD,-2.1787650139164927
2025-09-30,KAW Core Revised Internal,SCHD,-2.6699215485633405
2025-10-31,KAW Core Revised Internal,SCHD,-3.116302357385951
2025-11-30,KAW Core Revised Internal,SCHD,-2.814052072272772
2025-12-31,KAW Core Revised Internal,SCHD,-2.7290122104479515
2026-01-31,KAW Core Revised Internal,SCHD,-2.06396012205269
2026-02-28,KAW Core Revised Internal,SCHD,-1.321771497475282
2026-03-31,KAW Core Revised Internal,SCHD,-1.0778608802672922
2026-04-30,KAW Core Revised Internal,SCHD,-1.663671440053512
2026-05-31,KAW Core Revised Internal,SCHD,-2.0615093750663753
2026-06-30,KAW Core Revised Internal,SCHD,-2.126180722671068
2026-07-31,KAW Core Revised Internal,SCHD,-1.6202235738685473
2026-08-31,KAW Core Revised Internal,SCHD,-1.4953884633325527
2015-11-30,KAW Core Revised Internal,GLD,-1.4422109807869046
2015-12-31,KAW Core Revised Internal,GLD,-1.2934953369699944
2016-01-31,KAW Core Revised Internal,GLD,0.9571393140295426
2016-02-29,KAW Core Revised Internal,GLD,3.224587938230159
2016-03-31,KAW Core Revised Internal,GLD,1.8330721219973902
2016-04-30,KAW Core Revised Internal,GLD,2.7703849717566613
2016-05-31,KAW Core Revised Internal,GLD,1.128193904931192
2016-06-30,KAW Core Revised Internal,GLD,2.7996006695006064
2016-07-31,KAW Core Revised Internal,GLD,2.475163846879605
2016-08-31,KAW Core Revised Internal,GLD,1.8053100606461665
2016-09-30,KAW Core Revised Internal,GLD,1.9404152811794178
2016-10-31,KAW Core Revised Internal,GLD,1.6882571863107159
2016-11-30,KAW Core Revised Internal,GLD,-0.7642570902205544
2016-12-31,KAW Core Revised Internal,GLD,-1.3670085521719217
2017-01-31,KAW Core Revised Internal,GLD,-0.8737012172635401
2017-02-28,KAW Core Revised Internal,GLD,-1.0180903106695744
2017-03-31,KAW Core Revised Internal,GLD,-1.1269899015097669
2017-04-30,KAW Core Revised Internal,GLD,-0.9784591554997131
2017-05-31,KAW Core Revised Internal,GLD,-1.2825939015995176
2017-06-30,KAW Core Revised Internal,GLD,-1.8547317910739376
2017-07-31,KAW Core Revised Internal,GLD,-1.8044191314582656
2017-08-31,KAW Core Revised Internal,GLD,-1.0196611371157525
2017-09-30,KAW Core Revised Internal,GLD,-2.1180988353483787
2017-10-31,KAW Core Revised Internal,GLD,-2.7268864332838905
2017-11-30,KAW Core Revised Internal,GLD,-3.2463765151482122
2017-12-31,KAW Core Revised Internal,GLD,-3.1241635603937867
2018-01-31,KAW Core Revised Internal,GLD,-3.5497161990027726
2018-02-28,KAW Core Revised Internal,GLD,-3.235707055136812
2018-03-31,KAW Core Revised Internal,GLD,-2.5719682130436565
2018-04-30,KAW Core Revised Internal,GLD,-2.8681883270394186
2018-05-31,KAW Core Revised Internal,GLD,-3.600674447786134
2018-06-30,KAW Core Revised Internal,GLD,-4.470179247395318
2018-07-31,KAW Core Revised Internal,GLD,-5.650634125838885
2018-08-31,KAW Core Revised Internal,GLD,-6.7197717988683845
2018-09-30,KAW Core Revised Internal,GLD,-6.970119819495649
2018-10-31,KAW Core Revised Internal,GLD,-5.122902905962863
2018-11-30,KAW Core Revised Internal,GLD,-5.4206384113511135
2018-12-31,KAW Core Revised Internal,GLD,-2.6440016943970557
2019-01-31,KAW Core Revised Internal,GLD,-3.6895614457406722
2019-02-28,KAW Core Revised Internal,GLD,-4.463956856599743
2019-03-31,KAW Core Revised Internal,GLD,-5.157088795723806
2019-04-30,KAW Core Revised Internal,GLD,-6.13114816562457
2019-05-31,KAW Core Revised Internal,GLD,-4.469106996831787
2019-06-30,KAW Core Revised Internal,GLD,-4.2660313713803415
2019-07-31,KAW Core Revised Internal,GLD,-4.574938597277332
2019-08-31,KAW Core Revised Internal,GLD,-2.623911082216822
2019-09-30,KAW Core Revised Internal,GLD,-3.6839178144391647
2019-10-31,KAW Core Revised Internal,GLD,-3.6153216491988265
2019-11-30,KAW Core Revised Internal,GLD,-4.996622723502909
2019-12-31,KAW Core Revised Internal,GLD,-4.811550917333254
2020-01-31,KAW Core Revised Internal,GLD,-3.9189633799945494
2020-02-29,KAW Core Revised Internal,GLD,-2.4332182713224326
2020-03-31,KAW Core Revised Internal,GLD,0.030565756756342072
2020-04-30,KAW Core Revised Internal,GLD,-0.6979463770044394
2020-05-31,KAW Core Revised Internal,GLD,-1.4847224082822221
2020-06-30,KAW Core Revised Internal,GLD,-1.2980391692967943
2020-07-31,KAW Core Revised Internal,GLD,-0.3250100722494521
2020-08-31,KAW Core Revised Internal,GLD,-1.7825668414857867
2020-09-30,KAW Core Revised Internal,GLD,-1.6865148688196865
2020-10-31,KAW Core Revised Internal,GLD,-1.4863598554935287
2020-11-30,KAW Core Revised Internal,GLD,-4.670981663683296
2020-12-31,KAW Core Revised Internal,GLD,-3.978110841056675
2021-01-31,KAW Core Revised Internal,GLD,-4.4688273446966695
2021-02-28,KAW Core Revised Internal,GLD,-6.287423829375692
2021-03-31,KAW Core Revised Internal,GLD,-7.432271130056975
2021-04-30,KAW Core Revised Internal,GLD,-7.77149934534958
2021-05-31,KAW Core Revised Internal,GLD,-6.353601000069725
2021-06-30,KAW Core Revised Internal,GLD,-8.252359139630174
2021-07-31,KAW Core Revised Internal,GLD,-8.234467351009743
2021-08-31,KAW Core Revised Internal,GLD,-8.85367863840837
2021-09-30,KAW Core Revised Internal,GLD,-8.56000053004418
2021-10-31,KAW Core Revised Internal,GLD,-9.652029754367565
2021-11-30,KAW Core Revised Internal,GLD,-9.628888910093943
2021-12-31,KAW Core Revised Internal,GLD,-10.141108704972552
2022-01-31,KAW Core Revised Internal,GLD,-9.358960572264419
2022-02-28,KAW Core Revised Internal,GLD,-7.360025382586259
2022-03-31,KAW Core Revised Internal,GLD,-7.864343417474304
2022-04-30,KAW Core Revised Internal,GLD,-6.459198772247469
2022-05-31,KAW Core Revised Internal,GLD,-7.13990542381899
2022-06-30,KAW Core Revised Internal,GLD,-5.7544299470302835
2022-07-31,KAW Core Revised Internal,GLD,-8.127442273732917
2022-08-31,KAW Core Revised Internal,GLD,-7.891797291136504
2022-09-30,KAW Core Revised Internal,GLD,-6.537253509428764
2022-10-31,KAW Core Revised Internal,GLD,-8.507848136102544
2022-11-30,KAW Core Revised Internal,GLD,-7.961026492069879
2022-12-31,KAW Core Revised Internal,GLD,-6.181534472794372
2023-01-31,KAW Core Revised Internal,GLD,-6.417429061539551
2023-02-28,KAW Core Revised Internal,GLD,-7.028337459748227
2023-03-31,KAW Core Revised Internal,GLD,-6.200620188595554
2023-04-30,KAW Core Revised Internal,GLD,-6.352508768629479
2023-05-31,KAW Core Revised Internal,GLD,-6.708480143609023
2023-06-30,KAW Core Revised Internal,GLD,-8.450501088839225
2023-07-31,KAW Core Revised Internal,GLD,-8.640717276166862
2023-08-31,KAW Core Revised Internal,GLD,-8.568687065811014
2023-09-30,KAW Core Revised Internal,GLD,-8.200032467588082
2023-10-31,KAW Core Revised Internal,GLD,-6.695691906289793
2023-11-30,KAW Core Revised Internal,GLD,-7.957798117438938
2023-12-31,KAW Core Revised Internal,GLD,-8.311144783690189
2024-01-31,KAW Core Revised Internal,GLD,-9.236390670810101
2024-02-29,KAW Core Revised Internal,GLD,-10.193709732444573
2024-03-31,KAW Core Revised Internal,GLD,-9.10078650464174
2024-04-30,KAW Core Revised Internal,GLD,-7.659397311230546
2024-05-31,KAW Core Revised Internal,GLD,-8.342323804535843
2024-06-30,KAW Core Revised Internal,GLD,-9.080896606750768
2024-07-31,KAW Core Revised Internal,GLD,-8.26104734873468
2024-08-31,KAW Core Revised Internal,GLD,-8.308658347981133
2024-09-30,KAW Core Revised Internal,GLD,-7.7188487732296265
2024-10-31,KAW Core Revised Internal,GLD,-6.630585684923183
2024-11-30,KAW Core Revised Internal,GLD,-8.467499192074351
2024-12-31,KAW Core Revised Internal,GLD,-8.310023635637146
2025-01-31,KAW Core Revised Internal,GLD,-7.451167094685688
2025-02-28,KAW Core Revised Internal,GLD,-6.829429136506743
2025-03-31,KAW Core Revised Internal,GLD,-3.7799407868993793
2025-04-30,KAW Core Revised Internal,GLD,-2.562863948988184
2025-05-31,KAW Core Revised Internal,GLD,-3.783443752408272
2025-06-30,KAW Core Revised Internal,GLD,-4.715008390837706
2025-07-31,KAW Core Revised Internal,GLD,-5.3169331601545835
2025-08-31,KAW Core Revised Internal,GLD,-4.732825953223582
2025-09-30,KAW Core Revised Internal,GLD,-3.07136153456092
2025-10-31,KAW Core Revised Internal,GLD,-2.832880892784505
2025-11-30,KAW Core Revised Internal,GLD,-1.7711605662327643
2025-12-31,KAW Core Revised Internal,GLD,-1.2733151658787665
2026-01-31,KAW Core Revised Internal,GLD,0.7779605371304856
2026-02-28,KAW Core Revised Internal,GLD,2.6995931379101448
2026-03-31,KAW Core Revised Internal,GLD,1.4163374986063384
2026-04-30,KAW Core Revised Internal,GLD,-0.945892933176525
2026-05-31,KAW Core Revised Internal,GLD,-2.326798718104318
2026-06-30,KAW Core Revised Internal,GLD,-4.533917267831057
2026-07-31,KAW Core Revised Internal,GLD,-4.382924602690368
2026-08-31,KAW Core Revised Internal,GLD,-3.009873375279795
2015-11-30,KAW Core Revised Internal,EWY,-0.2621343967518932
2015-12-31,KAW Core Revised Internal,EWY,-0.3980868139000977
2016-01-31,KAW Core Revised Internal,EWY,-0.33290047093046127
2016-02-29,KAW Core Revised Internal,EWY,-0.5244815017193183
2016-03-31,KAW Core Revised Internal,EWY,-0.035826978986921824
2016-04-30,KAW Core Revised Internal,EWY,-0.1529862854035206
2016-05-31,KAW Core Revised Internal,EWY,-0.6948394788230399
2016-06-30,KAW Core Revised Internal,EWY,-0.36181856915063726
2016-07-31,KAW Core Revised Internal,EWY,-0.10832046324688702
2016-08-31,KAW Core Revised Internal,EWY,-0.019436014270641316
2016-09-30,KAW Core Revised Internal,EWY,0.2299033383650553
2016-10-31,KAW Core Revised Internal,EWY,-0.023972184590718374
2016-11-30,KAW Core Revised Internal,EWY,-0.6317683693946012
2016-12-31,KAW Core Revised Internal,EWY,-0.6206917460303637
2017-01-31,KAW Core Revised Internal,EWY,-0.1654938041372774
2017-02-28,KAW Core Revised Internal,EWY,-0.3791936583915173
2017-03-31,KAW Core Revised Internal,EWY,0.056394294488022356
2017-04-30,KAW Core Revised Internal,EWY,0.006152562336129703
2017-05-31,KAW Core Revised Internal,EWY,0.6113346756662635
2017-06-30,KAW Core Revised Internal,EWY,0.5699905689038988
2017-07-31,KAW Core Revised Internal,EWY,0.6271316440963961
2017-08-31,KAW Core Revised Internal,EWY,0.4619064851181189
2017-09-30,KAW Core Revised Internal,EWY,0.3678072203502349
2017-10-31,KAW Core Revised Internal,EWY,0.8303339067903703
2017-11-30,KAW Core Revised Internal,EWY,0.6352580424499266
2017-12-31,KAW Core Revised Internal,EWY,0.7659783426641908
2018-01-31,KAW Core Revised Internal,EWY,0.6521612790010014
2018-02-28,KAW Core Revised Internal,EWY,0.31205558578879605
2018-03-31,KAW Core Revised Internal,EWY,0.894664419085
2018-04-30,KAW Core Revised Internal,EWY,0.8690474661383494
2018-05-31,KAW Core Revised Internal,EWY,0.3029328650385094
2018-06-30,KAW Core Revised Internal,EWY,-0.25453579458944114
2018-07-31,KAW Core Revised Internal,EWY,-0.6014736954142982
2018-08-31,KAW Core Revised Internal,EWY,-0.8504235213645625
2018-09-30,KAW Core Revised Internal,EWY,-0.7852775815925837
2018-10-31,KAW Core Revised Internal,EWY,-1.4183900946248462
2018-11-30,KAW Core Revised Internal,EWY,-1.2473156196442732
2018-12-31,KAW Core Revised Internal,EWY,-0.6042012473379216
2019-01-31,KAW Core Revised Internal,EWY,-0.5206867680368328
2019-02-28,KAW Core Revised Internal,EWY,-0.998945114785852
2019-03-31,KAW Core Revised Internal,EWY,-1.4072973284143437
2019-04-30,KAW Core Revised Internal,EWY,-1.671115285409875
2019-05-31,KAW Core Revised Internal,EWY,-1.9355668760412288
2019-06-30,KAW Core Revised Internal,EWY,-1.87494451098965
2019-07-31,KAW Core Revised Internal,EWY,-2.6123393382429785
2019-08-31,KAW Core Revised Internal,EWY,-2.7904958062649876
2019-09-30,KAW Core Revised Internal,EWY,-2.4858509125798602
2019-10-31,KAW Core Revised Internal,EWY,-2.3003870630134293
2019-11-30,KAW Core Revised Internal,EWY,-2.656444864318888
2019-12-31,KAW Core Revised Internal,EWY,-2.2101304561971196
2020-01-31,KAW Core Revised Internal,EWY,-2.799239661647998
2020-02-29,KAW Core Revised Internal,EWY,-2.5339040859989423
2020-03-31,KAW Core Revised Internal,EWY,-2.7059938768953526
2020-04-30,KAW Core Revised Internal,EWY,-2.7556829746646327
2020-05-31,KAW Core Revised Internal,EWY,-2.993434485043777
2020-06-30,KAW Core Revised Internal,EWY,-2.6145928637957385
2020-07-31,KAW Core Revised Internal,EWY,-2.6471887727663237
2020-08-31,KAW Core Revised Internal,EWY,-2.832121094395036
2020-09-30,KAW Core Revised Internal,EWY,-2.3287460216315865
2020-10-31,KAW Core Revised Internal,EWY,-2.1179100796926007
2020-11-30,KAW Core Revised Internal,EWY,-1.580356259765359
2020-12-31,KAW Core Revised Internal,EWY,-0.7505194723718501
2021-01-31,KAW Core Revised Internal,EWY,-0.5291923595070246
2021-02-28,KAW Core Revised Internal,EWY,-0.7648796744246886
2021-03-31,KAW Core Revised Internal,EWY,-0.9722334971840739
2021-04-30,KAW Core Revised Internal,EWY,-1.3124931585658532
2021-05-31,KAW Core Revised Internal,EWY,-1.2344146335025097
2021-06-30,KAW Core Revised Internal,EWY,-1.3147423766814206
2021-07-31,KAW Core Revised Internal,EWY,-1.8967635278335977
2021-08-31,KAW Core Revised Internal,EWY,-2.326573847323137
2021-09-30,KAW Core Revised Internal,EWY,-2.514209418033713
2021-10-31,KAW Core Revised Internal,EWY,-3.1822047499219104
2021-11-30,KAW Core Revised Internal,EWY,-3.5026249067860378
2021-12-31,KAW Core Revised Internal,EWY,-3.4857254636420985
2022-01-31,KAW Core Revised Internal,EWY,-3.8293262822471483
2022-02-28,KAW Core Revised Internal,EWY,-3.3630546095167877
2022-03-31,KAW Core Revised Internal,EWY,-3.8002327185007276
2022-04-30,KAW Core Revised Internal,EWY,-3.6047142002222343
2022-05-31,KAW Core Revised Internal,EWY,-3.4583052742809586
2022-06-30,KAW Core Revised Internal,EWY,-3.9752177302710106
2022-07-31,KAW Core Revised Internal,EWY,-4.389844899336181
2022-08-31,KAW Core Revised Internal,EWY,-4.413046788938714
2022-09-30,KAW Core Revised Internal,EWY,-5.1779288730931095
2022-10-31,KAW Core Revised Internal,EWY,-5.07705011635477
2022-11-30,KAW Core Revised Internal,EWY,-4.211919988251749
2022-12-31,KAW Core Revised Internal,EWY,-4.053312511410985
2023-01-31,KAW Core Revised Internal,EWY,-3.7732155548985866
2023-02-28,KAW Core Revised Internal,EWY,-4.228504600832386
2023-03-31,KAW Core Revised Internal,EWY,-4.154410966207122
2023-04-30,KAW Core Revised Internal,EWY,-4.360686389003334
2023-05-31,KAW Core Revised Internal,EWY,-4.122570041254408
2023-06-30,KAW Core Revised Internal,EWY,-4.564955769258645
2023-07-31,KAW Core Revised Internal,EWY,-4.3070593827546215
2023-08-31,KAW Core Revised Internal,EWY,-4.800632698287963
2023-09-30,KAW Core Revised Internal,EWY,-4.872479517158446
2023-10-31,KAW Core Revised Internal,EWY,-5.239997883747162
2023-11-30,KAW Core Revised Internal,EWY,-4.812751011466418
2023-12-31,KAW Core Revised Internal,EWY,-4.475381925651527
2024-01-31,KAW Core Revised Internal,EWY,-5.524946267495501
2024-02-29,KAW Core Revised Internal,EWY,-5.317207698789122
2024-03-31,KAW Core Revised Internal,EWY,-5.203077355912798
2024-04-30,KAW Core Revised Internal,EWY,-5.368767582600673
2024-05-31,KAW Core Revised Internal,EWY,-5.880136479916137
2024-06-30,KAW Core Revised Internal,EWY,-5.657502939541869
2024-07-31,KAW Core Revised Internal,EWY,-5.698129022622907
2024-08-31,KAW Core Revised Internal,EWY,-6.003253557221697
2024-09-30,KAW Core Revised Internal,EWY,-6.354692530757294
2024-10-31,KAW Core Revised Internal,EWY,-6.810794029388356
2024-11-30,KAW Core Revised Internal,EWY,-7.627659434005764
2024-12-31,KAW Core Revised Internal,EWY,-8.132469042866877
2025-01-31,KAW Core Revised Internal,EWY,-7.947150346992572
2025-02-28,KAW Core Revised Internal,EWY,-7.740662951952915
2025-03-31,KAW Core Revised Internal,EWY,-7.381708140102345
2025-04-30,KAW Core Revised Internal,EWY,-7.006761562394794
2025-05-31,KAW Core Revised Internal,EWY,-6.882226163291971
2025-06-30,KAW Core Revised Internal,EWY,-5.839047367883607
2025-07-31,KAW Core Revised Internal,EWY,-5.910719492757776
2025-08-31,KAW Core Revised Internal,EWY,-6.136347110113658
2025-09-30,KAW Core Revised Internal,EWY,-5.5429534219601315
2025-10-31,KAW Core Revised Internal,EWY,-4.02349307572741
2025-11-30,KAW Core Revised Internal,EWY,-4.558340233055503
2025-12-31,KAW Core Revised Internal,EWY,-3.7208571556586474
2026-01-31,KAW Core Revised Internal,EWY,-1.8984508493841226
2026-02-28,KAW Core Revised Internal,EWY,0.06822878650129122
2026-03-31,KAW Core Revised Internal,EWY,-1.0903016020885357
2026-04-30,KAW Core Revised Internal,EWY,0.492870006362388
2026-05-31,KAW Core Revised Internal,EWY,2.3410125064533216
2026-06-30,KAW Core Revised Internal,EWY,2.268094696433837
2026-07-31,KAW Core Revised Internal,EWY,0.6371386451815952
2026-08-31,KAW Core Revised Internal,EWY,1.5479424965833422
2015-11-30,KAW Core Revised Internal,192090,0.08824081577030263
2015-12-31,KAW Core Revised Internal,192090,0.4641523275837864
2016-01-31,KAW Core Revised Internal,192090,-0.9099450505799762
2016-02-29,KAW Core Revised Internal,192090,-1.1268880482411106
2016-03-31,KAW Core Revised Internal,192090,-0.4665985827929864
2016-04-30,KAW Core Revised Internal,192090,-0.5825321224118165
2016-05-31,KAW Core Revised Internal,192090,-1.0408168832999296
2016-06-30,KAW Core Revised Internal,192090,-1.1034359228492532
2016-07-31,KAW Core Revised Internal,192090,-1.1932011303151702
2016-08-31,KAW Core Revised Internal,192090,-0.9851500131145219
2016-09-30,KAW Core Revised Internal,192090,-1.0782768117730477
2016-10-31,KAW Core Revised Internal,192090,-0.9332022441344725
2016-11-30,KAW Core Revised Internal,192090,-0.7312965879874567
2016-12-31,KAW Core Revised Internal,192090,-1.534517943639897
2017-01-31,KAW Core Revised Internal,192090,-1.4452194962010991
2017-02-28,KAW Core Revised Internal,192090,-1.6159904221886605
2017-03-31,KAW Core Revised Internal,192090,-1.6322186572147723
2017-04-30,KAW Core Revised Internal,192090,-1.644920488244206
2017-05-31,KAW Core Revised Internal,192090,-1.562234785569638
2017-06-30,KAW Core Revised Internal,192090,-1.0675108327966665
2017-07-31,KAW Core Revised Internal,192090,-1.0290183548591905
2017-08-31,KAW Core Revised Internal,192090,-0.6607607062867131
2017-09-30,KAW Core Revised Internal,192090,-0.871481121094093
2017-10-31,KAW Core Revised Internal,192090,-0.645830411446058
2017-11-30,KAW Core Revised Internal,192090,-0.7978041042213948
2017-12-31,KAW Core Revised Internal,192090,-0.7711551873019145
2018-01-31,KAW Core Revised Internal,192090,-0.5832493984800411
2018-02-28,KAW Core Revised Internal,192090,-0.6516327920854091
2018-03-31,KAW Core Revised Internal,192090,-0.6738739247816952
2018-04-30,KAW Core Revised Internal,192090,-1.0404696625812095
2018-05-31,KAW Core Revised Internal,192090,-1.3370234983545457
2018-06-30,KAW Core Revised Internal,192090,-2.3631162698256696
2018-07-31,KAW Core Revised Internal,192090,-2.6786580531642756
2018-08-31,KAW Core Revised Internal,192090,-3.3641250871843886
2018-09-30,KAW Core Revised Internal,192090,-3.292627514751551
2018-10-31,KAW Core Revised Internal,192090,-3.503421779022763
2018-11-30,KAW Core Revised Internal,192090,-3.5891679568863597
2018-12-31,KAW Core Revised Internal,192090,-3.1495096267104596
2019-01-31,KAW Core Revised Internal,192090,-3.0999893341261293
2019-02-28,KAW Core Revised Internal,192090,-2.155253854976691
2019-03-31,KAW Core Revised Internal,192090,-1.8971831061659714
2019-04-30,KAW Core Revised Internal,192090,-2.1623117359617
2019-05-31,KAW Core Revised Internal,192090,-2.455858795260664
2019-06-30,KAW Core Revised Internal,192090,-2.487156208753503
2019-07-31,KAW Core Revised Internal,192090,-2.6575729652424136
2019-08-31,KAW Core Revised Internal,192090,-2.787661084106304
2019-09-30,KAW Core Revised Internal,192090,-2.851669901541001
2019-10-31,KAW Core Revised Internal,192090,-2.80049117531496
2019-11-30,KAW Core Revised Internal,192090,-3.219678808609314
2019-12-31,KAW Core Revised Internal,192090,-2.8831045796951837
2020-01-31,KAW Core Revised Internal,192090,-3.690483779731647
2020-02-29,KAW Core Revised Internal,192090,-2.543646830267041
2020-03-31,KAW Core Revised Internal,192090,-2.0810075291432866
2020-04-30,KAW Core Revised Internal,192090,-2.5601027325238355
2020-05-31,KAW Core Revised Internal,192090,-3.3062362656971143
2020-06-30,KAW Core Revised Internal,192090,-2.7766198887586957
2020-07-31,KAW Core Revised Internal,192090,-1.7613495165354327
2020-08-31,KAW Core Revised Internal,192090,-1.911171845350983
2020-09-30,KAW Core Revised Internal,192090,-1.8928100943781254
2020-10-31,KAW Core Revised Internal,192090,-1.3972699640346595
2020-11-30,KAW Core Revised Internal,192090,-1.7053774685064125
2020-12-31,KAW Core Revised Internal,192090,-1.7145292486057315
2021-01-31,KAW Core Revised Internal,192090,-1.3048777757165786
2021-02-28,KAW Core Revised Internal,192090,-1.3809527329368938
2021-03-31,KAW Core Revised Internal,192090,-2.345762005683341
2021-04-30,KAW Core Revised Internal,192090,-2.535607618477521
2021-05-31,KAW Core Revised Internal,192090,-2.1902607592584564
2021-06-30,KAW Core Revised Internal,192090,-2.615393102111536
2021-07-31,KAW Core Revised Internal,192090,-3.4383861131679043
2021-08-31,KAW Core Revised Internal,192090,-3.7064370767591366
2021-09-30,KAW Core Revised Internal,192090,-3.2172623679383365
2021-10-31,KAW Core Revised Internal,192090,-3.6271310649549373
2021-11-30,KAW Core Revised Internal,192090,-3.7918531485874345
2021-12-31,KAW Core Revised Internal,192090,-3.9197685426074864
2022-01-31,KAW Core Revised Internal,192090,-4.072275470488257
2022-02-28,KAW Core Revised Internal,192090,-3.7984576907868854
2022-03-31,KAW Core Revised Internal,192090,-4.80308606018278
2022-04-30,KAW Core Revised Internal,192090,-4.871071280058028
2022-05-31,KAW Core Revised Internal,192090,-4.728391780334272
2022-06-30,KAW Core Revised Internal,192090,-3.044959874736605
2022-07-31,KAW Core Revised Internal,192090,-4.46926015555561
2022-08-31,KAW Core Revised Internal,192090,-4.542656763575461
2022-09-30,KAW Core Revised Internal,192090,-4.507114108273872
2022-10-31,KAW Core Revised Internal,192090,-6.072906643093146
2022-11-30,KAW Core Revised Internal,192090,-5.639806488415938
2022-12-31,KAW Core Revised Internal,192090,-4.856837714572686
2023-01-31,KAW Core Revised Internal,192090,-4.443493781506859
2023-02-28,KAW Core Revised Internal,192090,-4.746293697333402
2023-03-31,KAW Core Revised Internal,192090,-4.987056521450035
2023-04-30,KAW Core Revised Internal,192090,-5.322987821126348
2023-05-31,KAW Core Revised Internal,192090,-5.980441232145396
2023-06-30,KAW Core Revised Internal,192090,-6.6091182510823225
2023-07-31,KAW Core Revised Internal,192090,-6.314381292053577
2023-08-31,KAW Core Revised Internal,192090,-6.8363910023414975
2023-09-30,KAW Core Revised Internal,192090,-6.593565245307113
2023-10-31,KAW Core Revised Internal,192090,-6.719685389872425
2023-11-30,KAW Core Revised Internal,192090,-7.48010487812661
2023-12-31,KAW Core Revised Internal,192090,-7.874176085967244
2024-01-31,KAW Core Revised Internal,192090,-8.713235340190973
2024-02-29,KAW Core Revised Internal,192090,-8.507329640685496
2024-03-31,KAW Core Revised Internal,192090,-8.76799615854763
2024-04-30,KAW Core Revised Internal,192090,-8.1955126916249
2024-05-31,KAW Core Revised Internal,192090,-8.618302734202624
2024-06-30,KAW Core Revised Internal,192090,-9.36383605474885
2024-07-31,KAW Core Revised Internal,192090,-9.24552892472205
2024-08-31,KAW Core Revised Internal,192090,-9.549404884597509
2024-09-30,KAW Core Revised Internal,192090,-8.057527386630866
2024-10-31,KAW Core Revised Internal,192090,-8.235821234198113
2024-11-30,KAW Core Revised Internal,192090,-8.893883432067078
2024-12-31,KAW Core Revised Internal,192090,-8.55996414044837
2025-01-31,KAW Core Revised Internal,192090,-8.952693423420405
2025-02-28,KAW Core Revised Internal,192090,-8.759227174430062
2025-03-31,KAW Core Revised Internal,192090,-8.4113229056522
2025-04-30,KAW Core Revised Internal,192090,-8.596053160651133
2025-05-31,KAW Core Revised Internal,192090,-8.761240261075697
2025-06-30,KAW Core Revised Internal,192090,-9.002348353804402
2025-07-31,KAW Core Revised Internal,192090,-8.898304088467606
2025-08-31,KAW Core Revised Internal,192090,-8.020817955918886
2025-09-30,KAW Core Revised Internal,192090,-8.079432048748606
2025-10-31,KAW Core Revised Internal,192090,-8.213001758986742
2025-11-30,KAW Core Revised Internal,192090,-8.378480576597939
2025-12-31,KAW Core Revised Internal,192090,-8.072161716463025
2026-01-31,KAW Core Revised Internal,192090,-8.020586017238418
2026-02-28,KAW Core Revised Internal,192090,-7.874607722889391
2026-03-31,KAW Core Revised Internal,192090,-7.74315623049712
2026-04-30,KAW Core Revised Internal,192090,-7.99318644916401
2026-05-31,KAW Core Revised Internal,192090,-8.161379312699383
2026-06-30,KAW Core Revised Internal,192090,-7.984287589831629
2026-07-31,KAW Core Revised Internal,192090,-8.503505506255665
2026-08-31,KAW Core Revised Internal,192090,-8.852695352967032
2015-11-30,KAW Core Revised Internal,200250,-0.5136916184751501
2015-12-31,KAW Core Revised Internal,200250,-0.377193444970014
2016-01-31,KAW Core Revised Internal,200250,-0.651064022956239
2016-02-29,KAW Core Revised Internal,200250,-1.3114532501824039
2016-03-31,KAW Core Revised Internal,200250,-0.7199480559376704
2016-04-30,KAW Core Revised Internal,200250,-0.6088024439726378
2016-05-31,KAW Core Revised Internal,200250,-0.5306250736045361
2016-06-30,KAW Core Revised Internal,200250,-0.533580344807037
2016-07-31,KAW Core Revised Internal,200250,-0.4323115446620712
2016-08-31,KAW Core Revised Internal,200250,-0.36710010542730115
2016-09-30,KAW Core Revised Internal,200250,-0.44713960261529584
2016-10-31,KAW Core Revised Internal,200250,-0.3357068718688771
2016-11-30,KAW Core Revised Internal,200250,-1.3320267038472553
2016-12-31,KAW Core Revised Internal,200250,-1.6457232370747836
2017-01-31,KAW Core Revised Internal,200250,-1.2292938300848724
2017-02-28,KAW Core Revised Internal,200250,-1.1396011076505548
2017-03-31,KAW Core Revised Internal,200250,-0.5872396037568937
2017-04-30,KAW Core Revised Internal,200250,-0.4295785944322948
2017-05-31,KAW Core Revised Internal,200250,-0.3568541987931136
2017-06-30,KAW Core Revised Internal,200250,-0.6113863353063308
2017-07-31,KAW Core Revised Internal,200250,-0.20272116263238227
2017-08-31,KAW Core Revised Internal,200250,-0.3441742466903452
2017-09-30,KAW Core Revised Internal,200250,-0.7892724694030757
2017-10-31,KAW Core Revised Internal,200250,-0.4884870522037021
2017-11-30,KAW Core Revised Internal,200250,-0.6277319205132192
2017-12-31,KAW Core Revised Internal,200250,-0.5847317847495322
2018-01-31,KAW Core Revised Internal,200250,-0.6719095726481605
2018-02-28,KAW Core Revised Internal,200250,-0.8831338823215579
2018-03-31,KAW Core Revised Internal,200250,-0.9279748815455952
2018-04-30,KAW Core Revised Internal,200250,-0.6494987397222811
2018-05-31,KAW Core Revised Internal,200250,-1.0771202872887173
2018-06-30,KAW Core Revised Internal,200250,-1.3543619373418334
2018-07-31,KAW Core Revised Internal,200250,-1.0451544620026092
2018-08-31,KAW Core Revised Internal,200250,-1.415601810327983
2018-09-30,KAW Core Revised Internal,200250,-2.183441386574973
2018-10-31,KAW Core Revised Internal,200250,-2.3346272444680736
2018-11-30,KAW Core Revised Internal,200250,-1.390061455585532
2018-12-31,KAW Core Revised Internal,200250,-0.7046811422256426
2019-01-31,KAW Core Revised Internal,200250,-1.589220439737873
2019-02-28,KAW Core Revised Internal,200250,-1.8351717990204681
2019-03-31,KAW Core Revised Internal,200250,-1.114256270861404
2019-04-30,KAW Core Revised Internal,200250,-1.5119655883514032
2019-05-31,KAW Core Revised Internal,200250,-0.8075233140109044
2019-06-30,KAW Core Revised Internal,200250,-1.3717705895280554
2019-07-31,KAW Core Revised Internal,200250,-2.1151274143906496
2019-08-31,KAW Core Revised Internal,200250,-2.3926642267015836
2019-09-30,KAW Core Revised Internal,200250,-2.052872127814988
2019-10-31,KAW Core Revised Internal,200250,-1.8797648218481597
2019-11-30,KAW Core Revised Internal,200250,-2.214329351950319
2019-12-31,KAW Core Revised Internal,200250,-2.319970410744631
2020-01-31,KAW Core Revised Internal,200250,-2.4998534122440006
2020-02-29,KAW Core Revised Internal,200250,-2.433328928710507
2020-03-31,KAW Core Revised Internal,200250,-3.731124346035749
2020-04-30,KAW Core Revised Internal,200250,-3.866851731261685
2020-05-31,KAW Core Revised Internal,200250,-4.28001622234394
2020-06-30,KAW Core Revised Internal,200250,-3.825837282127577
2020-07-31,KAW Core Revised Internal,200250,-3.5263699717510666
2020-08-31,KAW Core Revised Internal,200250,-3.712441784275431
2020-09-30,KAW Core Revised Internal,200250,-3.6147931401985827
2020-10-31,KAW Core Revised Internal,200250,-3.165803949301705
2020-11-30,KAW Core Revised Internal,200250,-3.1027642953890493
2020-12-31,KAW Core Revised Internal,200250,-2.737305696937234
2021-01-31,KAW Core Revised Internal,200250,-2.79719220874121
2021-02-28,KAW Core Revised Internal,200250,-2.4987990444557733
2021-03-31,KAW Core Revised Internal,200250,-2.693047024921476
2021-04-30,KAW Core Revised Internal,200250,-3.257402210496058
2021-05-31,KAW Core Revised Internal,200250,-2.868466918191208
2021-06-30,KAW Core Revised Internal,200250,-3.04970479817261
2021-07-31,KAW Core Revised Internal,200250,-3.275883315924105
2021-08-31,KAW Core Revised Internal,200250,-2.6612455394817927
2021-09-30,KAW Core Revised Internal,200250,-2.06458822238218
2021-10-31,KAW Core Revised Internal,200250,-2.6323259706883566
2021-11-30,KAW Core Revised Internal,200250,-3.094053534092336
2021-12-31,KAW Core Revised Internal,200250,-3.3131422989078647
2022-01-31,KAW Core Revised Internal,200250,-2.9077768114357325
2022-02-28,KAW Core Revised Internal,200250,-2.798222382643749
2022-03-31,KAW Core Revised Internal,200250,-2.9962995142175637
2022-04-30,KAW Core Revised Internal,200250,-2.6350099313717266
2022-05-31,KAW Core Revised Internal,200250,-2.860852180608574
2022-06-30,KAW Core Revised Internal,200250,-2.8285538103107886
2022-07-31,KAW Core Revised Internal,200250,-2.909375388273233
2022-08-31,KAW Core Revised Internal,200250,-2.4528399144104305
2022-09-30,KAW Core Revised Internal,200250,-2.2158516941538386
2022-10-31,KAW Core Revised Internal,200250,-2.4753330941435836
2022-11-30,KAW Core Revised Internal,200250,-2.4534249287913013
2022-12-31,KAW Core Revised Internal,200250,-2.2500773670692613
2023-01-31,KAW Core Revised Internal,200250,-2.8694796841872483
2023-02-28,KAW Core Revised Internal,200250,-3.0918620066209135
2023-03-31,KAW Core Revised Internal,200250,-3.4207695211395857
2023-04-30,KAW Core Revised Internal,200250,-3.2696626404763283
2023-05-31,KAW Core Revised Internal,200250,-3.0908819995913914
2023-06-30,KAW Core Revised Internal,200250,-3.4046996094863844
2023-07-31,KAW Core Revised Internal,200250,-3.383441748679005
2023-08-31,KAW Core Revised Internal,200250,-3.4281212522598707
2023-09-30,KAW Core Revised Internal,200250,-2.9310410653450183
2023-10-31,KAW Core Revised Internal,200250,-3.0062024227147215
2023-11-30,KAW Core Revised Internal,200250,-3.337641700534148
2023-12-31,KAW Core Revised Internal,200250,-2.941973182142238
2024-01-31,KAW Core Revised Internal,200250,-3.1033524615637096
2024-02-29,KAW Core Revised Internal,200250,-3.4695723265877185
2024-03-31,KAW Core Revised Internal,200250,-3.7419040078906964
2024-04-30,KAW Core Revised Internal,200250,-3.301922115647841
2024-05-31,KAW Core Revised Internal,200250,-3.7021432693451506
2024-06-30,KAW Core Revised Internal,200250,-3.504390004999816
2024-07-31,KAW Core Revised Internal,200250,-3.258873774790355
2024-08-31,KAW Core Revised Internal,200250,-3.4004679301487983
2024-09-30,KAW Core Revised Internal,200250,-3.4133416234495964
2024-10-31,KAW Core Revised Internal,200250,-3.9237896040265583
2024-11-30,KAW Core Revised Internal,200250,-4.594265227652758
2024-12-31,KAW Core Revised Internal,200250,-4.525363461071231
2025-01-31,KAW Core Revised Internal,200250,-4.964321077012756
2025-02-28,KAW Core Revised Internal,200250,-5.349174130278966
2025-03-31,KAW Core Revised Internal,200250,-4.445206175009339
2025-04-30,KAW Core Revised Internal,200250,-3.93611309117
2025-05-31,KAW Core Revised Internal,200250,-4.296639846690988
2025-06-30,KAW Core Revised Internal,200250,-4.532823777345975
2025-07-31,KAW Core Revised Internal,200250,-5.201536117718902
2025-08-31,KAW Core Revised Internal,200250,-5.417986215854908
2025-09-30,KAW Core Revised Internal,200250,-5.853866885965919
2025-10-31,KAW Core Revised Internal,200250,-5.672466644113474
2025-11-30,KAW Core Revised Internal,200250,-5.551912753428085
2025-12-31,KAW Core Revised Internal,200250,-5.763220730477571
2026-01-31,KAW Core Revised Internal,200250,-6.263214802230813
2026-02-28,KAW Core Revised Internal,200250,-6.101534361687663
2026-03-31,KAW Core Revised Internal,200250,-6.859487290404405
2026-04-30,KAW Core Revised Internal,200250,-7.422299840192907
2026-05-31,KAW Core Revised Internal,200250,-7.937678535848612
2026-06-30,KAW Core Revised Internal,200250,-7.75486406801006
2026-07-31,KAW Core Revised Internal,200250,-7.659340454481151
2026-08-31,KAW Core Revised Internal,200250,-8.102810530128256
2015-11-30,KAW Core Revised Internal,EWJ,0.006156405257884412
2015-12-31,KAW Core Revised Internal,EWJ,0.047590568794763095
2016-01-31,KAW Core Revised Internal,EWJ,0.01754660891099824
2016-02-29,KAW Core Revised Internal,EWJ,-0.25122907963021746
2016-03-31,KAW Core Revised Internal,EWJ,-0.34091808525295364
2016-04-30,KAW Core Revised Internal,EWJ,-0.35615187827086725
2016-05-31,KAW Core Revised Internal,EWJ,-0.2755673239428946
2016-06-30,KAW Core Revised Internal,EWJ,-0.3743780099577054
2016-07-31,KAW Core Revised Internal,EWJ,-0.31473724726543306
2016-08-31,KAW Core Revised Internal,EWJ,-0.23018996061251076
2016-09-30,KAW Core Revised Internal,EWJ,-0.12583208355263056
2016-10-31,KAW Core Revised Internal,EWJ,0.0017519853739444936
2016-11-30,KAW Core Revised Internal,EWJ,-0.24933911555868665
2016-12-31,KAW Core Revised Internal,EWJ,-0.37805344917396294
2017-01-31,KAW Core Revised Internal,EWJ,-0.3180871760947274
2017-02-28,KAW Core Revised Internal,EWJ,-0.4453321326219662
2017-03-31,KAW Core Revised Internal,EWJ,-0.42553020058994256
2017-04-30,KAW Core Revised Internal,EWJ,-0.4403781456595763
2017-05-31,KAW Core Revised Internal,EWJ,-0.37372292526992873
2017-06-30,KAW Core Revised Internal,EWJ,-0.33857173094256127
2017-07-31,KAW Core Revised Internal,EWJ,-0.33791222301517326
2017-08-31,KAW Core Revised Internal,EWJ,-0.3571485989151036
2017-09-30,KAW Core Revised Internal,EWJ,-0.36669125563514543
2017-10-31,KAW Core Revised Internal,EWJ,-0.2235107560837247
2017-11-30,KAW Core Revised Internal,EWJ,-0.2671960718127048
2017-12-31,KAW Core Revised Internal,EWJ,-0.2830236196579456
2018-01-31,KAW Core Revised Internal,EWJ,-0.32405080585231233
2018-02-28,KAW Core Revised Internal,EWJ,-0.2905882723037951
2018-03-31,KAW Core Revised Internal,EWJ,-0.1871613229723818
2018-04-30,KAW Core Revised Internal,EWJ,-0.2165018528540947
2018-05-31,KAW Core Revised Internal,EWJ,-0.41417640963084323
2018-06-30,KAW Core Revised Internal,EWJ,-0.5640023326931922
2018-07-31,KAW Core Revised Internal,EWJ,-0.6947222159775591
2018-08-31,KAW Core Revised Internal,EWJ,-0.881347753600837
2018-09-30,KAW Core Revised Internal,EWJ,-0.7388559691075343
2018-10-31,KAW Core Revised Internal,EWJ,-0.8431128581565018
2018-11-30,KAW Core Revised Internal,EWJ,-0.8894158458350454
2018-12-31,KAW Core Revised Internal,EWJ,-0.8119128923726053
2019-01-31,KAW Core Revised Internal,EWJ,-0.8829023842734578
2019-02-28,KAW Core Revised Internal,EWJ,-1.0384628161211222
2019-03-31,KAW Core Revised Internal,EWJ,-1.0968411016325947
2019-04-30,KAW Core Revised Internal,EWJ,-1.2407225226183867
2019-05-31,KAW Core Revised Internal,EWJ,-1.163835340585247
2019-06-30,KAW Core Revised Internal,EWJ,-1.2848140765856992
2019-07-31,KAW Core Revised Internal,EWJ,-1.384058296024045
2019-08-31,KAW Core Revised Internal,EWJ,-1.3391238659921385
2019-09-30,KAW Core Revised Internal,EWJ,-1.1761604088610063
2019-10-31,KAW Core Revised Internal,EWJ,-1.117458130189386
2019-11-30,KAW Core Revised Internal,EWJ,-1.2358817945498835
2019-12-31,KAW Core Revised Internal,EWJ,-1.333293608297839
2020-01-31,KAW Core Revised Internal,EWJ,-1.4629530953533716
2020-02-29,KAW Core Revised Internal,EWJ,-1.4822304818708312
2020-03-31,KAW Core Revised Internal,EWJ,-1.193650204670767
2020-04-30,KAW Core Revised Internal,EWJ,-1.4456658133392404
2020-05-31,KAW Core Revised Internal,EWJ,-1.4732858225327334
2020-06-30,KAW Core Revised Internal,EWJ,-1.5638549411207403
2020-07-31,KAW Core Revised Internal,EWJ,-1.9094647771049311
2020-08-31,KAW Core Revised Internal,EWJ,-1.9188377518398156
2020-09-30,KAW Core Revised Internal,EWJ,-1.590077694572431
2020-10-31,KAW Core Revised Internal,EWJ,-1.5908248160799683
2020-11-30,KAW Core Revised Internal,EWJ,-1.6063665815393684
2020-12-31,KAW Core Revised Internal,EWJ,-1.5128003330844035
2021-01-31,KAW Core Revised Internal,EWJ,-1.516889163044845
2021-02-28,KAW Core Revised Internal,EWJ,-1.5644004652189607
2021-03-31,KAW Core Revised Internal,EWJ,-1.770889676828135
2021-04-30,KAW Core Revised Internal,EWJ,-2.109417722620006
2021-05-31,KAW Core Revised Internal,EWJ,-2.0557059233529595
2021-06-30,KAW Core Revised Internal,EWJ,-2.209026785620749
2021-07-31,KAW Core Revised Internal,EWJ,-2.364629265768461
2021-08-31,KAW Core Revised Internal,EWJ,-2.4180673708893927
2021-09-30,KAW Core Revised Internal,EWJ,-2.041761087306838
2021-10-31,KAW Core Revised Internal,EWJ,-2.5175865435693487
2021-11-30,KAW Core Revised Internal,EWJ,-2.6309526864880874
2021-12-31,KAW Core Revised Internal,EWJ,-2.7787657804921118
2022-01-31,KAW Core Revised Internal,EWJ,-2.8184575794655298
2022-02-28,KAW Core Revised Internal,EWJ,-2.6395344108960836
2022-03-31,KAW Core Revised Internal,EWJ,-2.9372883815678077
2022-04-30,KAW Core Revised Internal,EWJ,-2.901797998523268
2022-05-31,KAW Core Revised Internal,EWJ,-2.828349541235674
2022-06-30,KAW Core Revised Internal,EWJ,-2.783974891906438
2022-07-31,KAW Core Revised Internal,EWJ,-2.9310415770828393
2022-08-31,KAW Core Revised Internal,EWJ,-2.955864089770397
2022-09-30,KAW Core Revised Internal,EWJ,-2.9345724488373803
2022-10-31,KAW Core Revised Internal,EWJ,-3.2225420261416926
2022-11-30,KAW Core Revised Internal,EWJ,-2.939913876815621
2022-12-31,KAW Core Revised Internal,EWJ,-2.682375104735041
2023-01-31,KAW Core Revised Internal,EWJ,-2.7089080190078945
2023-02-28,KAW Core Revised Internal,EWJ,-2.823392819918456
2023-03-31,KAW Core Revised Internal,EWJ,-2.7639847604920535
2023-04-30,KAW Core Revised Internal,EWJ,-2.833299245706618
2023-05-31,KAW Core Revised Internal,EWJ,-2.81414846681865
2023-06-30,KAW Core Revised Internal,EWJ,-2.886609354793317
2023-07-31,KAW Core Revised Internal,EWJ,-2.926102602406864
2023-08-31,KAW Core Revised Internal,EWJ,-2.98733526495255
2023-09-30,KAW Core Revised Internal,EWJ,-2.777780796868887
2023-10-31,KAW Core Revised Internal,EWJ,-2.8565854461893454
2023-11-30,KAW Core Revised Internal,EWJ,-2.9972528490677868
2023-12-31,KAW Core Revised Internal,EWJ,-2.9711235580590616
2024-01-31,KAW Core Revised Internal,EWJ,-2.948036597094648
2024-02-29,KAW Core Revised Internal,EWJ,-2.989425521015317
2024-03-31,KAW Core Revised Internal,EWJ,-2.9916482839855556
2024-04-30,KAW Core Revised Internal,EWJ,-3.0781927792713604
2024-05-31,KAW Core Revised Internal,EWJ,-3.203836163710705
2024-06-30,KAW Core Revised Internal,EWJ,-3.3981618059433725
2024-07-31,KAW Core Revised Internal,EWJ,-3.2605914539669647
2024-08-31,KAW Core Revised Internal,EWJ,-3.3057796907981003
2024-09-30,KAW Core Revised Internal,EWJ,-3.4389002094128704
2024-10-31,KAW Core Revised Internal,EWJ,-3.6463191321349218
2024-11-30,KAW Core Revised Internal,EWJ,-3.82740452960246
2024-12-31,KAW Core Revised Internal,EWJ,-3.793607133344859
2025-01-31,KAW Core Revised Internal,EWJ,-3.8597729030115926
2025-02-28,KAW Core Revised Internal,EWJ,-3.7841600187682323
2025-03-31,KAW Core Revised Internal,EWJ,-3.494644316263087
2025-04-30,KAW Core Revised Internal,EWJ,-3.2502631471578702
2025-05-31,KAW Core Revised Internal,EWJ,-3.371473273744751
2025-06-30,KAW Core Revised Internal,EWJ,-3.5275906194967726
2025-07-31,KAW Core Revised Internal,EWJ,-3.739328699010009
2025-08-31,KAW Core Revised Internal,EWJ,-3.5265270266224142
2025-09-30,KAW Core Revised Internal,EWJ,-3.582096156388425
2025-10-31,KAW Core Revised Internal,EWJ,-3.498082249096105
2025-11-30,KAW Core Revised Internal,EWJ,-3.5351432125426676
2025-12-31,KAW Core Revised Internal,EWJ,-3.490882533152679
2026-01-31,KAW Core Revised Internal,EWJ,-3.2615701718253924
2026-02-28,KAW Core Revised Internal,EWJ,-2.8293948006255323
2026-03-31,KAW Core Revised Internal,EWJ,-3.020789380264299
2026-04-30,KAW Core Revised Internal,EWJ,-3.265254893745675
2026-05-31,KAW Core Revised Internal,EWJ,-3.312444620268764
2026-06-30,KAW Core Revised Internal,EWJ,-3.2136494009618435
2026-07-31,KAW Core Revised Internal,EWJ,-3.258521594589055
2026-08-31,KAW Core Revised Internal,EWJ,-3.2206811459603557
2015-11-30,KAW Core Revised Internal,TLT,-0.37481843967306583
2015-12-31,KAW Core Revised Internal,TLT,-0.22865046361818295
2016-01-31,KAW Core Revised Internal,TLT,3.3314666910258235
2016-02-29,KAW Core Revised Internal,TLT,4.310030125045243
2016-03-31,KAW Core Revised Internal,TLT,2.42945060325609
2016-04-30,KAW Core Revised Internal,TLT,2.0922768539463408
2016-05-31,KAW Core Revised Internal,TLT,1.8108347689123117
2016-06-30,KAW Core Revised Internal,TLT,3.7260991084464816
2016-07-31,KAW Core Revised Internal,TLT,3.2739325326098343
2016-08-31,KAW Core Revised Internal,TLT,2.9366749352247057
2016-09-30,KAW Core Revised Internal,TLT,2.48762736968672
2016-10-31,KAW Core Revised Internal,TLT,1.6610470993977056
2016-11-30,KAW Core Revised Internal,TLT,-1.9740756772974475
2016-12-31,KAW Core Revised Internal,TLT,-2.6625875520342155
2017-01-31,KAW Core Revised Internal,TLT,-3.024589805983586
2017-02-28,KAW Core Revised Internal,TLT,-3.7067456512381622
2017-03-31,KAW Core Revised Internal,TLT,-3.937299285160397
2017-04-30,KAW Core Revised Internal,TLT,-3.761093410556099
2017-05-31,KAW Core Revised Internal,TLT,-3.6195029696613314
2017-06-30,KAW Core Revised Internal,TLT,-3.572070685281191
2017-07-31,KAW Core Revised Internal,TLT,-4.366723917644794
2017-08-31,KAW Core Revised Internal,TLT,-3.427621673394152
2017-09-30,KAW Core Revised Internal,TLT,-4.7549181574127175
2017-10-31,KAW Core Revised Internal,TLT,-5.459306804089471
2017-11-30,KAW Core Revised Internal,TLT,-6.126919851470178
2017-12-31,KAW Core Revised Internal,TLT,-5.881899392477978
2018-01-31,KAW Core Revised Internal,TLT,-8.621257170535209
2018-02-28,KAW Core Revised Internal,TLT,-8.441722703731648
2018-03-31,KAW Core Revised Internal,TLT,-6.788575469990232
2018-04-30,KAW Core Revised Internal,TLT,-7.575546186729659
2018-05-31,KAW Core Revised Internal,TLT,-7.704743329391274
2018-06-30,KAW Core Revised Internal,TLT,-7.6827573918921335
2018-07-31,KAW Core Revised Internal,TLT,-9.213724599389984
2018-08-31,KAW Core Revised Internal,TLT,-9.779368898496136
2018-09-30,KAW Core Revised Internal,TLT,-10.814093493628228
2018-10-31,KAW Core Revised Internal,TLT,-9.592872354823207
2018-11-30,KAW Core Revised Internal,TLT,-9.612814217369564
2018-12-31,KAW Core Revised Internal,TLT,-5.244821370104853
2019-01-31,KAW Core Revised Internal,TLT,-7.493084029465699
2019-02-28,KAW Core Revised Internal,TLT,-8.886092264463302
2019-03-31,KAW Core Revised Internal,TLT,-7.738160049704781
2019-04-30,KAW Core Revised Internal,TLT,-9.607564183484643
2019-05-31,KAW Core Revised Internal,TLT,-5.557061328588
2019-06-30,KAW Core Revised Internal,TLT,-7.3097452097095506
2019-07-31,KAW Core Revised Internal,TLT,-7.696420408872115
2019-08-31,KAW Core Revised Internal,TLT,-3.8122977513071783
2019-09-30,KAW Core Revised Internal,TLT,-5.189468970878084
2019-10-31,KAW Core Revised Internal,TLT,-6.158013647112083
2019-11-30,KAW Core Revised Internal,TLT,-7.379920631859363
2019-12-31,KAW Core Revised Internal,TLT,-8.788621539821328
2020-01-31,KAW Core Revised Internal,TLT,-6.8547858602823
2020-02-29,KAW Core Revised Internal,TLT,-2.4029838278323576
2020-03-31,KAW Core Revised Internal,TLT,3.281162839949412
2020-04-30,KAW Core Revised Internal,TLT,0.15069507807159224
2020-05-31,KAW Core Revised Internal,TLT,-2.14558989004334
2020-06-30,KAW Core Revised Internal,TLT,-2.562849938660224
2020-07-31,KAW Core Revised Internal,TLT,-2.9958475152575645
2020-08-31,KAW Core Revised Internal,TLT,-6.596062946026571
2020-09-30,KAW Core Revised Internal,TLT,-4.875524770923868
2020-10-31,KAW Core Revised Internal,TLT,-5.502188298861607
2020-11-30,KAW Core Revised Internal,TLT,-8.204675860750019
2020-12-31,KAW Core Revised Internal,TLT,-9.53681705662035
2021-01-31,KAW Core Revised Internal,TLT,-10.464586289963867
2021-02-28,KAW Core Revised Internal,TLT,-13.034324830542058
2021-03-31,KAW Core Revised Internal,TLT,-15.991062510081846
2021-04-30,KAW Core Revised Internal,TLT,-16.81453664230703
2021-05-31,KAW Core Revised Internal,TLT,-17.012774281815165
2021-06-30,KAW Core Revised Internal,TLT,-16.35266612897808
2021-07-31,KAW Core Revised Internal,TLT,-15.96581226355255
2021-08-31,KAW Core Revised Internal,TLT,-16.974842337635124
2021-09-30,KAW Core Revised Internal,TLT,-16.437295992780264
2021-10-31,KAW Core Revised Internal,TLT,-17.783827355845183
2021-11-30,KAW Core Revised Internal,TLT,-16.689860347641858
2021-12-31,KAW Core Revised Internal,TLT,-18.890756538657847
2022-01-31,KAW Core Revised Internal,TLT,-18.216256950791596
2022-02-28,KAW Core Revised Internal,TLT,-17.872437794452733
2022-03-31,KAW Core Revised Internal,TLT,-20.67245982870371
2022-04-30,KAW Core Revised Internal,TLT,-20.875786811443874
2022-05-31,KAW Core Revised Internal,TLT,-21.60163664786256
2022-06-30,KAW Core Revised Internal,TLT,-19.432768159818796
2022-07-31,KAW Core Revised Internal,TLT,-21.477837428479646
2022-08-31,KAW Core Revised Internal,TLT,-21.624862227206805
2022-09-30,KAW Core Revised Internal,TLT,-21.302179333092695
2022-10-31,KAW Core Revised Internal,TLT,-25.504601890489297
2022-11-30,KAW Core Revised Internal,TLT,-25.05936967423894
2022-12-31,KAW Core Revised Internal,TLT,-23.53695851099579
2023-01-31,KAW Core Revised Internal,TLT,-23.835095398097263
2023-02-28,KAW Core Revised Internal,TLT,-24.585401777128624
2023-03-31,KAW Core Revised Internal,TLT,-24.251568636020572
2023-04-30,KAW Core Revised Internal,TLT,-24.64180186019726
2023-05-31,KAW Core Revised Internal,TLT,-25.671133332539643
2023-06-30,KAW Core Revised Internal,TLT,-27.551888374338247
2023-07-31,KAW Core Revised Internal,TLT,-29.237619610286014
2023-08-31,KAW Core Revised Internal,TLT,-29.709323324155072
2023-09-30,KAW Core Revised Internal,TLT,-30.673909401916728
2023-10-31,KAW Core Revised Internal,TLT,-31.676467966077176
2023-11-30,KAW Core Revised Internal,TLT,-31.45011110232398
2023-12-31,KAW Core Revised Internal,TLT,-29.497677506164216
2024-01-31,KAW Core Revised Internal,TLT,-31.36186961544985
2024-02-29,KAW Core Revised Internal,TLT,-33.61454779089972
2024-03-31,KAW Core Revised Internal,TLT,-34.36993608888213
2024-04-30,KAW Core Revised Internal,TLT,-35.116190342432304
2024-05-31,KAW Core Revised Internal,TLT,-35.762865938614915
2024-06-30,KAW Core Revised Internal,TLT,-36.28034768943841
2024-07-31,KAW Core Revised Internal,TLT,-35.564603258273955
2024-08-31,KAW Core Revised Internal,TLT,-35.63047470505932
2024-09-30,KAW Core Revised Internal,TLT,-35.660375874881446
2024-10-31,KAW Core Revised Internal,TLT,-37.09494867720836
2024-11-30,KAW Core Revised Internal,TLT,-38.30051903930677
2024-12-31,KAW Core Revised Internal,TLT,-39.28759940008658
2025-01-31,KAW Core Revised Internal,TLT,-40.20081931979558
2025-02-28,KAW Core Revised Internal,TLT,-38.09895300649725
2025-03-31,KAW Core Revised Internal,TLT,-36.76881253070184
2025-04-30,KAW Core Revised Internal,TLT,-36.911999152964896
2025-05-31,KAW Core Revised Internal,TLT,-39.653806652286065
2025-06-30,KAW Core Revised Internal,TLT,-40.38432428956996
2025-07-31,KAW Core Revised Internal,TLT,-41.45010231352059
2025-08-31,KAW Core Revised Internal,TLT,-42.058749845479774
2025-09-30,KAW Core Revised Internal,TLT,-42.049960675345154
2025-10-31,KAW Core Revised Internal,TLT,-42.35523260235421
2025-11-30,KAW Core Revised Internal,TLT,-42.331425386805215
2025-12-31,KAW Core Revised Internal,TLT,-42.973422761718254
2026-01-31,KAW Core Revised Internal,TLT,-43.59447716692515
2026-02-28,KAW Core Revised Internal,TLT,-41.94098376793877
2026-03-31,KAW Core Revised Internal,TLT,-41.71808503884593
2026-04-30,KAW Core Revised Internal,TLT,-45.05518449440599
2026-05-31,KAW Core Revised Internal,TLT,-46.49442270773875
2026-06-30,KAW Core Revised Internal,TLT,-45.812380471355986
2026-07-31,KAW Core Revised Internal,TLT,-47.05314935156286
2026-08-31,KAW Core Revised Internal,TLT,-47.58253652505637
2015-11-30,QQQ 100%,QQQ,0.24651441568714905
2015-12-31,QQQ 100%,QQQ,1.1280368872087276
2016-01-31,QQQ 100%,QQQ,-1.5589033586765
2016-02-29,QQQ 100%,QQQ,-3.085296829610029
2016-03-31,QQQ 100%,QQQ,-2.9695004725691976
2016-04-30,QQQ 100%,QQQ,-6.529061993032592
2016-05-31,QQQ 100%,QQQ,-3.733719028277227
2016-06-30,QQQ 100%,QQQ,-6.2786515862980785
2016-07-31,QQQ 100%,QQQ,-2.8598883294066457
2016-08-31,QQQ 100%,QQQ,-1.936936212679219
2016-09-30,QQQ 100%,QQQ,0.2453854318148263
2016-10-31,QQQ 100%,QQQ,0.5331913282832001
2016-11-30,QQQ 100%,QQQ,-2.7746011974397744
2016-12-31,QQQ 100%,QQQ,-2.172838823057921
2017-01-31,QQQ 100%,QQQ,-0.391648301637626
2017-02-28,QQQ 100%,QQQ,0.04080569959725722
2017-03-31,QQQ 100%,QQQ,1.914266374923812
2017-04-30,QQQ 100%,QQQ,3.6687783287603026
2017-05-31,QQQ 100%,QQQ,6.130791855107887
2017-06-30,QQQ 100%,QQQ,3.1037260570167757
2017-07-31,QQQ 100%,QQQ,5.061627806224356
2017-08-31,QQQ 100%,QQQ,6.851106272379182
2017-09-30,QQQ 100%,QQQ,4.494887052850405
2017-10-31,QQQ 100%,QQQ,6.700719710803449
2017-11-30,QQQ 100%,QQQ,5.657130104393692
2017-12-31,QQQ 100%,QQQ,6.054142225815696
2018-01-31,QQQ 100%,QQQ,8.09921760640414
2018-02-28,QQQ 100%,QQQ,10.457470630160481
2018-03-31,QQQ 100%,QQQ,9.14121672706557
2018-04-30,QQQ 100%,QQQ,9.130157624452185
2018-05-31,QQQ 100%,QQQ,12.40402224339433
2018-06-30,QQQ 100%,QQQ,12.99542286015819
2018-07-31,QQQ 100%,QQQ,12.093899010858634
2018-08-31,QQQ 100%,QQQ,14.690148502041056
2018-09-30,QQQ 100%,QQQ,13.816460428012345
2018-10-31,QQQ 100%,QQQ,12.092684778859642
2018-11-30,QQQ 100%,QQQ,10.011302535041121
2018-12-31,QQQ 100%,QQQ,9.659527330099104
2019-01-31,QQQ 100%,QQQ,11.248595784152593
2019-02-28,QQQ 100%,QQQ,10.996843641322418
2019-03-31,QQQ 100%,QQQ,13.14778908330031
2019-04-30,QQQ 100%,QQQ,14.597900879527225
2019-05-31,QQQ 100%,QQQ,12.709966460114208
2019-06-30,QQQ 100%,QQQ,13.323895984262924
2019-07-31,QQQ 100%,QQQ,14.168644875515646
2019-08-31,QQQ 100%,QQQ,13.939514164771015
2019-09-30,QQQ 100%,QQQ,12.919417626141705
2019-10-31,QQQ 100%,QQQ,15.026898151633816
2019-11-30,QQQ 100%,QQQ,15.481638641942464
2019-12-31,QQQ 100%,QQQ,16.634693359417508
2020-01-31,QQQ 100%,QQQ,19.599455436746005
2020-02-29,QQQ 100%,QQQ,21.496451278988815
2020-03-31,QQQ 100%,QQQ,26.72073360364797
2020-04-30,QQQ 100%,QQQ,28.831142636785945
2020-05-31,QQQ 100%,QQQ,30.855609480338387
2020-06-30,QQQ 100%,QQQ,35.22451381702535
2020-07-31,QQQ 100%,QQQ,36.671085942217964
2020-08-31,QQQ 100%,QQQ,40.627732069125365
2020-09-30,QQQ 100%,QQQ,38.326614404019466
2020-10-31,QQQ 100%,QQQ,38.10480094737449
2020-11-30,QQQ 100%,QQQ,38.44511677935285
2020-12-31,QQQ 100%,QQQ,39.95748963731876
2021-01-31,QQQ 100%,QQQ,40.937069642320914
2021-02-28,QQQ 100%,QQQ,38.00508508300735
2021-03-31,QQQ 100%,QQQ,35.161533593025204
2021-04-30,QQQ 100%,QQQ,35.76902363751162
2021-05-31,QQQ 100%,QQQ,33.89327801814501
2021-06-30,QQQ 100%,QQQ,37.95691096628266
2021-07-31,QQQ 100%,QQQ,38.381262562869665
2021-08-31,QQQ 100%,QQQ,39.64168004433226
2021-09-30,QQQ 100%,QQQ,38.59671470494283
2021-10-31,QQQ 100%,QQQ,39.432670617395345
2021-11-30,QQQ 100%,QQQ,42.289058012984306
2021-12-31,QQQ 100%,QQQ,38.92253271529731
2022-01-31,QQQ 100%,QQQ,32.12033074895599
2022-02-28,QQQ 100%,QQQ,33.98315122576952
2022-03-31,QQQ 100%,QQQ,34.90483368839141
2022-04-30,QQQ 100%,QQQ,29.856706708367653
2022-05-31,QQQ 100%,QQQ,28.087882459802536
2022-06-30,QQQ 100%,QQQ,27.401562110435627
2022-07-31,QQQ 100%,QQQ,30.76382963707205
2022-08-31,QQQ 100%,QQQ,29.67358198350586
2022-09-30,QQQ 100%,QQQ,28.298071621269717
2022-10-31,QQQ 100%,QQQ,24.19495858871543
2022-11-30,QQQ 100%,QQQ,24.180988348235577
2022-12-31,QQQ 100%,QQQ,22.107648674922476
2023-01-31,QQQ 100%,QQQ,25.105311301956903
2023-02-28,QQQ 100%,QQQ,27.411778453200995
2023-03-31,QQQ 100%,QQQ,33.1008361804149
2023-04-30,QQQ 100%,QQQ,31.975190802029594
2023-05-31,QQQ 100%,QQQ,39.299561768943306
2023-06-30,QQQ 100%,QQQ,39.123243350108226
2023-07-31,QQQ 100%,QQQ,39.68999151409782
2023-08-31,QQQ 100%,QQQ,39.83739100707988
2023-09-30,QQQ 100%,QQQ,38.97725995787867
2023-10-31,QQQ 100%,QQQ,39.61064306647023
2023-11-30,QQQ 100%,QQQ,41.220479845054314
2023-12-31,QQQ 100%,QQQ,44.08145745820967
2024-01-31,QQQ 100%,QQQ,42.483805196585465
2024-02-29,QQQ 100%,QQQ,42.54879461302866
2024-03-31,QQQ 100%,QQQ,40.52901397575278
2024-04-30,QQQ 100%,QQQ,40.17816491967056
2024-05-31,QQQ 100%,QQQ,41.26423396075919
2024-06-30,QQQ 100%,QQQ,44.23059323889954
2024-07-31,QQQ 100%,QQQ,41.381207352994096
2024-08-31,QQQ 100%,QQQ,40.180083595339845
2024-09-30,QQQ 100%,QQQ,40.69436283587491
2024-10-31,QQQ 100%,QQQ,40.72342696232525
2024-11-30,QQQ 100%,QQQ,40.104372695265496
2024-12-31,QQQ 100%,QQQ,44.41630805233518
2025-01-31,QQQ 100%,QQQ,42.68501600719908
2025-02-28,QQQ 100%,QQQ,41.242864556856105
2025-03-31,QQQ 100%,QQQ,39.19791263267626
2025-04-30,QQQ 100%,QQQ,41.387605626407485
2025-05-31,QQQ 100%,QQQ,44.172976985529665
2025-06-30,QQQ 100%,QQQ,45.40026248356541
2025-07-31,QQQ 100%,QQQ,45.52463129478643
2025-08-31,QQQ 100%,QQQ,44.432256246137555
2025-09-30,QQQ 100%,QQQ,46.271002667109016
2025-10-31,QQQ 100%,QQQ,48.70330070393018
2025-11-30,QQQ 100%,QQQ,46.90115393692056
2025-12-31,QQQ 100%,QQQ,46.7587684209691
2026-01-31,QQQ 100%,QQQ,45.90828108517886
2026-02-28,QQQ 100%,QQQ,44.42424598372209
2026-03-31,QQQ 100%,QQQ,44.52889630480726
2026-04-30,QQQ 100%,QQQ,49.61258344601923
2026-05-31,QQQ 100%,QQQ,54.995097208679134
2026-06-30,QQQ 100%,QQQ,55.906656483697915
2026-07-31,QQQ 100%,QQQ,49.84424414019584
2026-08-31,QQQ 100%,QQQ,50.95781319743564
