date,portfolio,ticker,cumulative_active_contribution
2015-11-30,Current Portfolio,QQQ,0.0008628004549050216
2015-12-31,Current Portfolio,QQQ,0.003948129105230546
2016-01-31,Current Portfolio,QQQ,-0.00545616175536775
2016-02-29,Current Portfolio,QQQ,-0.010798538903635102
2016-03-31,Current Portfolio,QQQ,-0.010393251653992191
2016-04-30,Current Portfolio,QQQ,-0.02285171697561407
2016-05-31,Current Portfolio,QQQ,-0.013068016598970292
2016-06-30,Current Portfolio,QQQ,-0.021975280552043272
2016-07-31,Current Portfolio,QQQ,-0.010009609152923258
2016-08-31,Current Portfolio,QQQ,-0.006779276744377265
2016-09-30,Current Portfolio,QQQ,0.0008588490113518935
2016-10-31,Current Portfolio,QQQ,0.001866169648991202
2016-11-30,Current Portfolio,QQQ,-0.009711104191039209
2016-12-31,Current Portfolio,QQQ,-0.007604935880702722
2017-01-31,Current Portfolio,QQQ,-0.00137076905573169
2017-02-28,Current Portfolio,QQQ,0.00014281994859040108
2017-03-31,Current Portfolio,QQQ,0.006699932312233343
2017-04-30,Current Portfolio,QQQ,0.01284072415066106
2017-05-31,Current Portfolio,QQQ,0.0214577714928776
2017-06-30,Current Portfolio,QQQ,0.010863041199558714
2017-07-31,Current Portfolio,QQQ,0.017715697321785243
2017-08-31,Current Portfolio,QQQ,0.02397887195332713
2017-09-30,Current Portfolio,QQQ,0.015732104684976413
2017-10-31,Current Portfolio,QQQ,0.023452518987812067
2017-11-30,Current Portfolio,QQQ,0.01979995536537792
2017-12-31,Current Portfolio,QQQ,0.02118949779035493
2018-01-31,Current Portfolio,QQQ,0.02834726162241449
2018-02-28,Current Portfolio,QQQ,0.03660114720556168
2018-03-31,Current Portfolio,QQQ,0.031994258544729495
2018-04-30,Current Portfolio,QQQ,0.031955551685582645
2018-05-31,Current Portfolio,QQQ,0.04341407785188016
2018-06-30,Current Portfolio,QQQ,0.04548398001055367
2018-07-31,Current Portfolio,QQQ,0.04232864653800522
2018-08-31,Current Portfolio,QQQ,0.0514155197571437
2018-09-30,Current Portfolio,QQQ,0.04835761149804321
2018-10-31,Current Portfolio,QQQ,0.04232439672600875
2018-11-30,Current Portfolio,QQQ,0.035039558872643935
2018-12-31,Current Portfolio,QQQ,0.03380834565534687
2019-01-31,Current Portfolio,QQQ,0.03937008524453408
2019-02-28,Current Portfolio,QQQ,0.03848895274462847
2019-03-31,Current Portfolio,QQQ,0.04601726179155109
2019-04-30,Current Portfolio,QQQ,0.0510926530783453
2019-05-31,Current Portfolio,QQQ,0.044484882610399734
2019-06-30,Current Portfolio,QQQ,0.04663363594492024
2019-07-31,Current Portfolio,QQQ,0.04959025706430477
2019-08-31,Current Portfolio,QQQ,0.048788299576698564
2019-09-30,Current Portfolio,QQQ,0.04521796169149597
2019-10-31,Current Portfolio,QQQ,0.05259414353071836
2019-11-30,Current Portfolio,QQQ,0.05418573524679863
2019-12-31,Current Portfolio,QQQ,0.058221426757961284
2020-01-31,Current Portfolio,QQQ,0.06859809402861103
2020-02-29,Current Portfolio,QQQ,0.07523757947646087
2020-03-31,Current Portfolio,QQQ,0.09352256761276792
2020-04-30,Current Portfolio,QQQ,0.10090899922875082
2020-05-31,Current Portfolio,QQQ,0.10799463318118437
2020-06-30,Current Portfolio,QQQ,0.12328579835958874
2020-07-31,Current Portfolio,QQQ,0.1283488007977629
2020-08-31,Current Portfolio,QQQ,0.14219706224193882
2020-09-30,Current Portfolio,QQQ,0.13414315041406816
2020-10-31,Current Portfolio,QQQ,0.13336680331581077
2020-11-30,Current Portfolio,QQQ,0.13455790872773501
2020-12-31,Current Portfolio,QQQ,0.13985121373061568
2021-01-31,Current Portfolio,QQQ,0.14327974374812322
2021-02-28,Current Portfolio,QQQ,0.13301779779052575
2021-03-31,Current Portfolio,QQQ,0.12306536757558825
2021-04-30,Current Portfolio,QQQ,0.1251915827312907
2021-05-31,Current Portfolio,QQQ,0.11862647306350756
2021-06-30,Current Portfolio,QQQ,0.13284918838198934
2021-07-31,Current Portfolio,QQQ,0.13433441897004383
2021-08-31,Current Portfolio,QQQ,0.13874588015516293
2021-09-30,Current Portfolio,QQQ,0.13508850146729995
2021-10-31,Current Portfolio,QQQ,0.13801434716088373
2021-11-30,Current Portfolio,QQQ,0.1480117030454451
2021-12-31,Current Portfolio,QQQ,0.1362288645035406
2022-01-31,Current Portfolio,QQQ,0.112421157621346
2022-02-28,Current Portfolio,QQQ,0.11894102929019332
2022-03-31,Current Portfolio,QQQ,0.12216691790936995
2022-04-30,Current Portfolio,QQQ,0.1044984734792868
2022-05-31,Current Portfolio,QQQ,0.0983075886093089
2022-06-30,Current Portfolio,QQQ,0.09590546738652471
2022-07-31,Current Portfolio,QQQ,0.10767340372975218
2022-08-31,Current Portfolio,QQQ,0.10385753694227051
2022-09-30,Current Portfolio,QQQ,0.09904325067444401
2022-10-31,Current Portfolio,QQQ,0.08468235506050402
2022-11-30,Current Portfolio,QQQ,0.08463345921882452
2022-12-31,Current Portfolio,QQQ,0.07737677036222866
2023-01-31,Current Portfolio,QQQ,0.08786858955684915
2023-02-28,Current Portfolio,QQQ,0.09594122458620348
2023-03-31,Current Portfolio,QQQ,0.11585292663145216
2023-04-30,Current Portfolio,QQQ,0.11191316780710359
2023-05-31,Current Portfolio,QQQ,0.13754846619130157
2023-06-30,Current Portfolio,QQQ,0.1369313517253788
2023-07-31,Current Portfolio,QQQ,0.13891497029934238
2023-08-31,Current Portfolio,QQQ,0.1394308685247796
2023-09-30,Current Portfolio,QQQ,0.13642040985257536
2023-10-31,Current Portfolio,QQQ,0.13863725073264582
2023-11-30,Current Portfolio,QQQ,0.14427167945769012
2023-12-31,Current Portfolio,QQQ,0.15428510110373386
2024-01-31,Current Portfolio,QQQ,0.14869331818804915
2024-02-29,Current Portfolio,QQQ,0.14892078114560034
2024-03-31,Current Portfolio,QQQ,0.14185154891513477
2024-04-30,Current Portfolio,QQQ,0.14062357721884697
2024-05-31,Current Portfolio,QQQ,0.14442481886265718
2024-06-30,Current Portfolio,QQQ,0.1548070763361484
2024-07-31,Current Portfolio,QQQ,0.14483422573547935
2024-08-31,Current Portfolio,QQQ,0.14063029258368948
2024-09-30,Current Portfolio,QQQ,0.1424302699255622
2024-10-31,Current Portfolio,QQQ,0.1425319943681384
2024-11-30,Current Portfolio,QQQ,0.1403653044334293
2024-12-31,Current Portfolio,QQQ,0.1554570781831732
2025-01-31,Current Portfolio,QQQ,0.14939755602519683
2025-02-28,Current Portfolio,QQQ,0.1443500259489964
2025-03-31,Current Portfolio,QQQ,0.13719269421436692
2025-04-30,Current Portfolio,QQQ,0.14485661969242622
2025-05-31,Current Portfolio,QQQ,0.15460541944935385
2025-06-30,Current Portfolio,QQQ,0.15890091869247897
2025-07-31,Current Portfolio,QQQ,0.15933620953175254
2025-08-31,Current Portfolio,QQQ,0.15551289686148148
2025-09-30,Current Portfolio,QQQ,0.16194850933488159
2025-10-31,Current Portfolio,QQQ,0.17046155246375566
2025-11-30,Current Portfolio,QQQ,0.16415403877922197
2025-12-31,Current Portfolio,QQQ,0.16365568947339185
2026-01-31,Current Portfolio,QQQ,0.160678983798126
2026-02-28,Current Portfolio,QQQ,0.1554848609430273
2026-03-31,Current Portfolio,QQQ,0.1558511370668254
2026-04-30,Current Portfolio,QQQ,0.1736440420610673
2026-05-31,Current Portfolio,QQQ,0.19248284023037693
2026-06-30,Current Portfolio,QQQ,0.19567329769294267
2026-07-31,Current Portfolio,QQQ,0.1744548544906854
2026-08-31,Current Portfolio,QQQ,0.17835234619102472
2015-11-30,Current Portfolio,SPMO,0.0010117930234728179
2015-12-31,Current Portfolio,SPMO,-0.00034153406458072846
2016-01-31,Current Portfolio,SPMO,0.0019326505135309423
2016-02-29,Current Portfolio,SPMO,0.0017485357254531596
2016-03-31,Current Portfolio,SPMO,-0.00010771682320797607
2016-04-30,Current Portfolio,SPMO,4.867350745930152e-05
2016-05-31,Current Portfolio,SPMO,-0.0025639377684520456
2016-06-30,Current Portfolio,SPMO,-0.0038894655302694975
2016-07-31,Current Portfolio,SPMO,-0.002134847289501551
2016-08-31,Current Portfolio,SPMO,-0.002313017871365752
2016-09-30,Current Portfolio,SPMO,-0.0015861849137048796
2016-10-31,Current Portfolio,SPMO,-0.0017867478450758086
2016-11-30,Current Portfolio,SPMO,-0.008369185597131167
2016-12-31,Current Portfolio,SPMO,-0.005388640214534978
2017-01-31,Current Portfolio,SPMO,-0.007545183974928326
2017-02-28,Current Portfolio,SPMO,-0.00746510009567326
2017-03-31,Current Portfolio,SPMO,-0.010425791133490302
2017-04-30,Current Portfolio,SPMO,-0.00796888235072406
2017-05-31,Current Portfolio,SPMO,-0.007309863382249181
2017-06-30,Current Portfolio,SPMO,-0.005933068693452658
2017-07-31,Current Portfolio,SPMO,-0.005536370984742288
2017-08-31,Current Portfolio,SPMO,-0.004372661740969385
2017-09-30,Current Portfolio,SPMO,-0.005601479412368758
2017-10-31,Current Portfolio,SPMO,0.0023735756696342536
2017-11-30,Current Portfolio,SPMO,0.0017341666551932977
2017-12-31,Current Portfolio,SPMO,0.0018433742471573645
2018-01-31,Current Portfolio,SPMO,0.003900743602839457
2018-02-28,Current Portfolio,SPMO,0.008633253731307366
2018-03-31,Current Portfolio,SPMO,0.00684270893939991
2018-04-30,Current Portfolio,SPMO,0.008197919117864093
2018-05-31,Current Portfolio,SPMO,0.010503753393166147
2018-06-30,Current Portfolio,SPMO,0.009590190403077046
2018-07-31,Current Portfolio,SPMO,0.009338759798356886
2018-08-31,Current Portfolio,SPMO,0.01124295922382644
2018-09-30,Current Portfolio,SPMO,0.012397996269162812
2018-10-31,Current Portfolio,SPMO,0.007954938373301476
2018-11-30,Current Portfolio,SPMO,0.007559511360833601
2018-12-31,Current Portfolio,SPMO,0.00672676440156734
2019-01-31,Current Portfolio,SPMO,0.009560934854078027
2019-02-28,Current Portfolio,SPMO,0.01060231891148856
2019-03-31,Current Portfolio,SPMO,0.012136960622897994
2019-04-30,Current Portfolio,SPMO,0.007442877396663981
2019-05-31,Current Portfolio,SPMO,0.013419152531583742
2019-06-30,Current Portfolio,SPMO,0.01030942317920833
2019-07-31,Current Portfolio,SPMO,0.009307077851198872
2019-08-31,Current Portfolio,SPMO,0.011278578765207001
2019-09-30,Current Portfolio,SPMO,0.008840782212553619
2019-10-31,Current Portfolio,SPMO,0.005228749118594864
2019-11-30,Current Portfolio,SPMO,0.0027239787979225975
2019-12-31,Current Portfolio,SPMO,0.001693151912194522
2020-01-31,Current Portfolio,SPMO,0.006038685499827121
2020-02-29,Current Portfolio,SPMO,0.005462821285849787
2020-03-31,Current Portfolio,SPMO,0.011399825129117351
2020-04-30,Current Portfolio,SPMO,0.009948886680184014
2020-05-31,Current Portfolio,SPMO,0.012155280329549349
2020-06-30,Current Portfolio,SPMO,0.013318245795267124
2020-07-31,Current Portfolio,SPMO,0.01596129450840454
2020-08-31,Current Portfolio,SPMO,0.018225990817513922
2020-09-30,Current Portfolio,SPMO,0.01994603509387711
2020-10-31,Current Portfolio,SPMO,0.018134146581802804
2020-11-30,Current Portfolio,SPMO,0.013465963381152815
2020-12-31,Current Portfolio,SPMO,0.012843265000111506
2021-01-31,Current Portfolio,SPMO,0.014292441115924306
2021-02-28,Current Portfolio,SPMO,0.007920644002467444
2021-03-31,Current Portfolio,SPMO,0.003556419831542542
2021-04-30,Current Portfolio,SPMO,0.0036629496699471208
2021-05-31,Current Portfolio,SPMO,0.001475883788194595
2021-06-30,Current Portfolio,SPMO,0.00895593437575158
2021-07-31,Current Portfolio,SPMO,0.008632298161339076
2021-08-31,Current Portfolio,SPMO,0.01109208466005805
2021-09-30,Current Portfolio,SPMO,0.010893891447405142
2021-10-31,Current Portfolio,SPMO,0.011416904304391613
2021-11-30,Current Portfolio,SPMO,0.008192505267959095
2021-12-31,Current Portfolio,SPMO,0.004774926770593481
2022-01-31,Current Portfolio,SPMO,0.00039989927641419665
2022-02-28,Current Portfolio,SPMO,0.005046258622350082
2022-03-31,Current Portfolio,SPMO,0.004736907356533722
2022-04-30,Current Portfolio,SPMO,0.005128934022426752
2022-05-31,Current Portfolio,SPMO,0.007075748976892572
2022-06-30,Current Portfolio,SPMO,0.007163380794205677
2022-07-31,Current Portfolio,SPMO,0.005200863784009126
2022-08-31,Current Portfolio,SPMO,0.006950741452818422
2022-09-30,Current Portfolio,SPMO,0.010577991711462127
2022-10-31,Current Portfolio,SPMO,0.018708428387125726
2022-11-30,Current Portfolio,SPMO,0.015364147698672987
2022-12-31,Current Portfolio,SPMO,0.020367188178794893
2023-01-31,Current Portfolio,SPMO,0.009122897450735397
2023-02-28,Current Portfolio,SPMO,0.0058302721851971676
2023-03-31,Current Portfolio,SPMO,0.0029642836752281037
2023-04-30,Current Portfolio,SPMO,0.004978816170054174
2023-05-31,Current Portfolio,SPMO,-0.003856204081844377
2023-06-30,Current Portfolio,SPMO,-0.0045110024208007745
2023-07-31,Current Portfolio,SPMO,-0.006704972527098162
2023-08-31,Current Portfolio,SPMO,-0.0004988265251652628
2023-09-30,Current Portfolio,SPMO,0.005198055709983485
2023-10-31,Current Portfolio,SPMO,0.005133760515487135
2023-11-30,Current Portfolio,SPMO,0.006109125530385601
2023-12-31,Current Portfolio,SPMO,0.01145374092574784
2024-01-31,Current Portfolio,SPMO,0.015250579790825896
2024-02-29,Current Portfolio,SPMO,0.024705629606446216
2024-03-31,Current Portfolio,SPMO,0.0260584244990743
2024-04-30,Current Portfolio,SPMO,0.023878957947728006
2024-05-31,Current Portfolio,SPMO,0.027282804788584157
2024-06-30,Current Portfolio,SPMO,0.03329478845300132
2024-07-31,Current Portfolio,SPMO,0.0290336656179552
2024-08-31,Current Portfolio,SPMO,0.031142013342837012
2024-09-30,Current Portfolio,SPMO,0.030452838312602523
2024-10-31,Current Portfolio,SPMO,0.03216793273243865
2024-11-30,Current Portfolio,SPMO,0.03315964847190967
2024-12-31,Current Portfolio,SPMO,0.0356815670857811
2025-01-31,Current Portfolio,SPMO,0.03816250679436024
2025-02-28,Current Portfolio,SPMO,0.03971566415610658
2025-03-31,Current Portfolio,SPMO,0.03737630584041704
2025-04-30,Current Portfolio,SPMO,0.04183293842710289
2025-05-31,Current Portfolio,SPMO,0.04921724596068703
2025-06-30,Current Portfolio,SPMO,0.05191969186087958
2025-07-31,Current Portfolio,SPMO,0.052786246365505204
2025-08-31,Current Portfolio,SPMO,0.050743095095572496
2025-09-30,Current Portfolio,SPMO,0.05155475425429242
2025-10-31,Current Portfolio,SPMO,0.04873074386676946
2025-11-30,Current Portfolio,SPMO,0.046432045259100746
2025-12-31,Current Portfolio,SPMO,0.04662791506467466
2026-01-31,Current Portfolio,SPMO,0.044167985598191795
2026-02-28,Current Portfolio,SPMO,0.044965730955132774
2026-03-31,Current Portfolio,SPMO,0.04345890940729629
2026-04-30,Current Portfolio,SPMO,0.05644982556158049
2026-05-31,Current Portfolio,SPMO,0.06754941623441617
2026-06-30,Current Portfolio,SPMO,0.08070010021974026
2026-07-31,Current Portfolio,SPMO,0.06556670477055139
2026-08-31,Current Portfolio,SPMO,0.06420122802440482
2015-11-30,Current Portfolio,AIA,-0.0015074049906707411
2015-12-31,Current Portfolio,AIA,-0.0020825554733129082
2016-01-31,Current Portfolio,AIA,-0.0034253672356829804
2016-02-29,Current Portfolio,AIA,-0.003356434137359571
2016-03-31,Current Portfolio,AIA,-0.00130865732222763
2016-04-30,Current Portfolio,AIA,-0.0020319554107091687
2016-05-31,Current Portfolio,AIA,-0.003020506796864525
2016-06-30,Current Portfolio,AIA,-0.0008220313690894322
2016-07-31,Current Portfolio,AIA,0.00015153827016660122
2016-08-31,Current Portfolio,AIA,0.0012591607708171693
2016-09-30,Current Portfolio,AIA,0.0031088207191652785
2016-10-31,Current Portfolio,AIA,0.0028995685114464433
2016-11-30,Current Portfolio,AIA,0.00033819841801478474
2016-12-31,Current Portfolio,AIA,-0.0017777663504153496
2017-01-31,Current Portfolio,AIA,0.0007687605403493727
2017-02-28,Current Portfolio,AIA,-0.00016302640538426428
2017-03-31,Current Portfolio,AIA,0.0014233377137930828
2017-04-30,Current Portfolio,AIA,0.002115681748462584
2017-05-31,Current Portfolio,AIA,0.003563343846219192
2017-06-30,Current Portfolio,AIA,0.004406438104893263
2017-07-31,Current Portfolio,AIA,0.005989910129186316
2017-08-31,Current Portfolio,AIA,0.006535740452140516
2017-09-30,Current Portfolio,AIA,0.005792287088671922
2017-10-31,Current Portfolio,AIA,0.007281047316055834
2017-11-30,Current Portfolio,AIA,0.006517336107031402
2017-12-31,Current Portfolio,AIA,0.006864574126362067
2018-01-31,Current Portfolio,AIA,0.008354936807668712
2018-02-28,Current Portfolio,AIA,0.00684819007869274
2018-03-31,Current Portfolio,AIA,0.009106676327455722
2018-04-30,Current Portfolio,AIA,0.008108938231381669
2018-05-31,Current Portfolio,AIA,0.0062435663160117175
2018-06-30,Current Portfolio,AIA,0.0033589118431547773
2018-07-31,Current Portfolio,AIA,0.002144771832234227
2018-08-31,Current Portfolio,AIA,-1.0549170136302938e-07
2018-09-30,Current Portfolio,AIA,-0.0005819449131909069
2018-10-31,Current Portfolio,AIA,-0.003165515605880237
2018-11-30,Current Portfolio,AIA,-0.0016059655259623772
2018-12-31,Current Portfolio,AIA,0.0016947989240370502
2019-01-31,Current Portfolio,AIA,0.0023341455217936683
2019-02-28,Current Portfolio,AIA,0.0006464108106965906
2019-03-31,Current Portfolio,AIA,0.00020443006746023186
2019-04-30,Current Portfolio,AIA,-0.00017943789634541896
2019-05-31,Current Portfolio,AIA,-0.0018780047927714149
2019-06-30,Current Portfolio,AIA,-0.001291056785531419
2019-07-31,Current Portfolio,AIA,-0.0033827550072365598
2019-08-31,Current Portfolio,AIA,-0.005173271781627331
2019-09-30,Current Portfolio,AIA,-0.004350006227224112
2019-10-31,Current Portfolio,AIA,-0.0033360503753677322
2019-11-30,Current Portfolio,AIA,-0.004835856141798161
2019-12-31,Current Portfolio,AIA,-0.0018267003629415073
2020-01-31,Current Portfolio,AIA,-0.004812172460717173
2020-02-29,Current Portfolio,AIA,-0.0009784684376975598
2020-03-31,Current Portfolio,AIA,0.00027060234894347264
2020-04-30,Current Portfolio,AIA,-0.0017004422665260247
2020-05-31,Current Portfolio,AIA,-0.00512702626939333
2020-06-30,Current Portfolio,AIA,-0.0012869420331352234
2020-07-31,Current Portfolio,AIA,-0.0006385240851712594
2020-08-31,Current Portfolio,AIA,-0.0023782247374821756
2020-09-30,Current Portfolio,AIA,-0.001156586690224164
2020-10-31,Current Portfolio,AIA,0.0022113499088688717
2020-11-30,Current Portfolio,AIA,0.0017980844358729665
2020-12-31,Current Portfolio,AIA,0.0039626238047935705
2021-01-31,Current Portfolio,AIA,0.008033226935329325
2021-02-28,Current Portfolio,AIA,0.007203716494211594
2021-03-31,Current Portfolio,AIA,0.003561734784335986
2021-04-30,Current Portfolio,AIA,0.0009804561763636708
2021-05-31,Current Portfolio,AIA,0.00015627236654878844
2021-06-30,Current Portfolio,AIA,-0.0005374003686163855
2021-07-31,Current Portfolio,AIA,-0.0060188880032375925
2021-08-31,Current Portfolio,AIA,-0.008041561428046977
2021-09-30,Current Portfolio,AIA,-0.008673056493663366
2021-10-31,Current Portfolio,AIA,-0.010991461002479795
2021-11-30,Current Portfolio,AIA,-0.01281268789342088
2021-12-31,Current Portfolio,AIA,-0.014462573776439601
2022-01-31,Current Portfolio,AIA,-0.013581909497699239
2022-02-28,Current Portfolio,AIA,-0.013261692459194218
2022-03-31,Current Portfolio,AIA,-0.017794826439928645
2022-04-30,Current Portfolio,AIA,-0.01641067352976972
2022-05-31,Current Portfolio,AIA,-0.015604226208366427
2022-06-30,Current Portfolio,AIA,-0.013230357904732714
2022-07-31,Current Portfolio,AIA,-0.01980909625997513
2022-08-31,Current Portfolio,AIA,-0.01864850820197292
2022-09-30,Current Portfolio,AIA,-0.022074646132579395
2022-10-31,Current Portfolio,AIA,-0.03019633388268301
2022-11-30,Current Portfolio,AIA,-0.02019318455035251
2022-12-31,Current Portfolio,AIA,-0.016413434655680063
2023-01-31,Current Portfolio,AIA,-0.014187659944728941
2023-02-28,Current Portfolio,AIA,-0.018206863695637558
2023-03-31,Current Portfolio,AIA,-0.017046888533765042
2023-04-30,Current Portfolio,AIA,-0.020526107448309527
2023-05-31,Current Portfolio,AIA,-0.021459842795637233
2023-06-30,Current Portfolio,AIA,-0.022764957115204047
2023-07-31,Current Portfolio,AIA,-0.02131474058864936
2023-08-31,Current Portfolio,AIA,-0.02480162237629242
2023-09-30,Current Portfolio,AIA,-0.024813760592623055
2023-10-31,Current Portfolio,AIA,-0.024925188954753683
2023-11-30,Current Portfolio,AIA,-0.02623429608053561
2023-12-31,Current Portfolio,AIA,-0.02642566637910969
2024-01-31,Current Portfolio,AIA,-0.03119888444633809
2024-02-29,Current Portfolio,AIA,-0.031119059899824008
2024-03-31,Current Portfolio,AIA,-0.029687100012855693
2024-04-30,Current Portfolio,AIA,-0.02704302933930522
2024-05-31,Current Portfolio,AIA,-0.027402964034490423
2024-06-30,Current Portfolio,AIA,-0.02646852637416181
2024-07-31,Current Portfolio,AIA,-0.027278775553152505
2024-08-31,Current Portfolio,AIA,-0.02799423856384918
2024-09-30,Current Portfolio,AIA,-0.025458131721441266
2024-10-31,Current Portfolio,AIA,-0.025548765242453874
2024-11-30,Current Portfolio,AIA,-0.03016644189899099
2024-12-31,Current Portfolio,AIA,-0.02835211814254831
2025-01-31,Current Portfolio,AIA,-0.028660736699882016
2025-02-28,Current Portfolio,AIA,-0.025575461679640202
2025-03-31,Current Portfolio,AIA,-0.023384412269513898
2025-04-30,Current Portfolio,AIA,-0.024502540234419487
2025-05-31,Current Portfolio,AIA,-0.024352963640200127
2025-06-30,Current Portfolio,AIA,-0.022112266821304967
2025-07-31,Current Portfolio,AIA,-0.02196391004575718
2025-08-31,Current Portfolio,AIA,-0.021967739622224553
2025-09-30,Current Portfolio,AIA,-0.017956329353904447
2025-10-31,Current Portfolio,AIA,-0.016821841791927
2025-11-30,Current Portfolio,AIA,-0.01882466979520626
2025-12-31,Current Portfolio,AIA,-0.01672387164208323
2026-01-31,Current Portfolio,AIA,-0.011550687550681048
2026-02-28,Current Portfolio,AIA,-0.007148244688971155
2026-03-31,Current Portfolio,AIA,-0.009834982403644625
2026-04-30,Current Portfolio,AIA,-0.006565739520610651
2026-05-31,Current Portfolio,AIA,-0.001915049957150942
2026-06-30,Current Portfolio,AIA,-0.001436842049370927
2026-07-31,Current Portfolio,AIA,-0.004107822162763557
2026-08-31,Current Portfolio,AIA,-0.0036955494543480945
2015-11-30,Current Portfolio,XLE,-0.0001926164899414773
2015-12-31,Current Portfolio,XLE,-0.005100281670001339
2016-01-31,Current Portfolio,XLE,-0.0038637909324615695
2016-02-29,Current Portfolio,XLE,-0.005262588388946649
2016-03-31,Current Portfolio,XLE,-0.003681959427098286
2016-04-30,Current Portfolio,XLE,0.0006273756375347215
2016-05-31,Current Portfolio,XLE,-0.0007522687802500429
2016-06-30,Current Portfolio,XLE,0.00039782600037343565
2016-07-31,Current Portfolio,XLE,-0.0019964067071641003
2016-08-31,Current Portfolio,XLE,-0.0012239185379219033
2016-09-30,Current Portfolio,XLE,0.0005960867283778869
2016-10-31,Current Portfolio,XLE,3.1590770733769084e-05
2016-11-30,Current Portfolio,XLE,0.0024672881507746157
2016-12-31,Current Portfolio,XLE,0.0026882383193174595
2017-01-31,Current Portfolio,XLE,-7.01125910715977e-05
2017-02-28,Current Portfolio,XLE,-0.0029865283403098914
2017-03-31,Current Portfolio,XLE,-0.0037799844290505764
2017-04-30,Current Portfolio,XLE,-0.005772598557509258
2017-05-31,Current Portfolio,XLE,-0.008223209256508964
2017-06-30,Current Portfolio,XLE,-0.008606874464185196
2017-07-31,Current Portfolio,XLE,-0.008332012508060191
2017-08-31,Current Portfolio,XLE,-0.011229722897710634
2017-09-30,Current Portfolio,XLE,-0.007064612244929466
2017-10-31,Current Portfolio,XLE,-0.008627696612059524
2017-11-30,Current Portfolio,XLE,-0.009255024883350125
2017-12-31,Current Portfolio,XLE,-0.006897943621705302
2018-01-31,Current Portfolio,XLE,-0.008273074970758063
2018-02-28,Current Portfolio,XLE,-0.011895553301228315
2018-03-31,Current Portfolio,XLE,-0.009699455495685485
2018-04-30,Current Portfolio,XLE,-0.005179307379118027
2018-05-31,Current Portfolio,XLE,-0.004894901836165334
2018-06-30,Current Portfolio,XLE,-0.004897795083332303
2018-07-31,Current Portfolio,XLE,-0.005965175650293299
2018-08-31,Current Portfolio,XLE,-0.009308467037275172
2018-09-30,Current Portfolio,XLE,-0.008385368380750503
2018-10-31,Current Portfolio,XLE,-0.010644682332270212
2018-11-30,Current Portfolio,XLE,-0.012322795533191783
2018-12-31,Current Portfolio,XLE,-0.014239002852858708
2019-01-31,Current Portfolio,XLE,-0.012520039814065133
2019-02-28,Current Portfolio,XLE,-0.0129909922027321
2019-03-31,Current Portfolio,XLE,-0.012829224420070773
2019-04-30,Current Portfolio,XLE,-0.014931716835970011
2019-05-31,Current Portfolio,XLE,-0.017345542018278783
2019-06-30,Current Portfolio,XLE,-0.016160981932816267
2019-07-31,Current Portfolio,XLE,-0.01775089650622377
2019-08-31,Current Portfolio,XLE,-0.021134852715478207
2019-09-30,Current Portfolio,XLE,-0.020148138608385383
2019-10-31,Current Portfolio,XLE,-0.0222390326885616
2019-11-30,Current Portfolio,XLE,-0.023258186742582086
2019-12-31,Current Portfolio,XLE,-0.021826264612634802
2020-01-31,Current Portfolio,XLE,-0.027359334564769303
2020-02-29,Current Portfolio,XLE,-0.0311202619744733
2020-03-31,Current Portfolio,XLE,-0.04211048154180422
2020-04-30,Current Portfolio,XLE,-0.031749251317102906
2020-05-31,Current Portfolio,XLE,-0.03422072692098561
2020-06-30,Current Portfolio,XLE,-0.0356093443690589
2020-07-31,Current Portfolio,XLE,-0.0409187771593595
2020-08-31,Current Portfolio,XLE,-0.04492743295858589
2020-09-30,Current Portfolio,XLE,-0.049979172162111986
2020-10-31,Current Portfolio,XLE,-0.05106365732001283
2020-11-30,Current Portfolio,XLE,-0.04269614018318817
2020-12-31,Current Portfolio,XLE,-0.04158511108701902
2021-01-31,Current Portfolio,XLE,-0.03988899616922863
2021-02-28,Current Portfolio,XLE,-0.02999038633868106
2021-03-31,Current Portfolio,XLE,-0.030780503899856856
2021-04-30,Current Portfolio,XLE,-0.03304758363024537
2021-05-31,Current Portfolio,XLE,-0.03049667061347162
2021-06-30,Current Portfolio,XLE,-0.029490118760863125
2021-07-31,Current Portfolio,XLE,-0.03492853183342986
2021-08-31,Current Portfolio,XLE,-0.03745425117088537
2021-09-30,Current Portfolio,XLE,-0.03050975694637253
2021-10-31,Current Portfolio,XLE,-0.028876664818133186
2021-11-30,Current Portfolio,XLE,-0.031022684862929858
2021-12-31,Current Portfolio,XLE,-0.03224089390142315
2022-01-31,Current Portfolio,XLE,-0.020046456368858566
2022-02-28,Current Portfolio,XLE,-0.014655119932602816
2022-03-31,Current Portfolio,XLE,-0.011825958928935735
2022-04-30,Current Portfolio,XLE,-0.008112641979100457
2022-05-31,Current Portfolio,XLE,-0.0003980050867008339
2022-06-30,Current Portfolio,XLE,-0.004975104771919561
2022-07-31,Current Portfolio,XLE,-0.004746698155826215
2022-08-31,Current Portfolio,XLE,-0.0012579548286118544
2022-09-30,Current Portfolio,XLE,-0.0014253045817332975
2022-10-31,Current Portfolio,XLE,0.006943393320772064
2022-11-30,Current Portfolio,XLE,0.004947701042869587
2022-12-31,Current Portfolio,XLE,0.006459147904963006
2023-01-31,Current Portfolio,XLE,0.004520752926808577
2023-02-28,Current Portfolio,XLE,0.0021525129176188512
2023-03-31,Current Portfolio,XLE,0.0003319726073369915
2023-04-30,Current Portfolio,XLE,0.0009411137390646889
2023-05-31,Current Portfolio,XLE,-0.004236423466745823
2023-06-30,Current Portfolio,XLE,-0.004019494876137911
2023-07-31,Current Portfolio,XLE,-0.0018460383871398449
2023-08-31,Current Portfolio,XLE,-0.00015061571087966155
2023-09-30,Current Portfolio,XLE,0.0046956533724138915
2023-10-31,Current Portfolio,XLE,0.0018343448915148584
2023-11-30,Current Portfolio,XLE,-0.0028727136291586495
2023-12-31,Current Portfolio,XLE,-0.004327438702468387
2024-01-31,Current Portfolio,XLE,-0.00621051396942198
2024-02-29,Current Portfolio,XLE,-0.007188314193328169
2024-03-31,Current Portfolio,XLE,-0.003535782828195619
2024-04-30,Current Portfolio,XLE,-0.0019503507979370424
2024-05-31,Current Portfolio,XLE,-0.0046312489960843115
2024-06-30,Current Portfolio,XLE,-0.007122688322680912
2024-07-31,Current Portfolio,XLE,-0.006605344605896337
2024-08-31,Current Portfolio,XLE,-0.008752477203848478
2024-09-30,Current Portfolio,XLE,-0.011278053687765265
2024-10-31,Current Portfolio,XLE,-0.010338915834159721
2024-11-30,Current Portfolio,XLE,-0.009393656226266643
2024-12-31,Current Portfolio,XLE,-0.013614900195027545
2025-01-31,Current Portfolio,XLE,-0.01332593788177242
2025-02-28,Current Portfolio,XLE,-0.010759754134946436
2025-03-31,Current Portfolio,XLE,-0.006158084174508515
2025-04-30,Current Portfolio,XLE,-0.01244068278643774
2025-05-31,Current Portfolio,XLE,-0.014849413935787426
2025-06-30,Current Portfolio,XLE,-0.014981948279604074
2025-07-31,Current Portfolio,XLE,-0.014710193605499479
2025-08-31,Current Portfolio,XLE,-0.013917040207081366
2025-09-30,Current Portfolio,XLE,-0.01588342483077887
2025-10-31,Current Portfolio,XLE,-0.01778028192602943
2025-11-30,Current Portfolio,XLE,-0.016529556484083753
2025-12-31,Current Portfolio,XLE,-0.01654992271244592
2026-01-31,Current Portfolio,XLE,-0.010426712133741533
2026-02-28,Current Portfolio,XLE,-0.005211813448121265
2026-03-31,Current Portfolio,XLE,0.0027665855880660683
2026-04-30,Current Portfolio,XLE,-0.0036720445541831397
2026-05-31,Current Portfolio,XLE,-0.009198408469234759
2026-06-30,Current Portfolio,XLE,-0.011238463217058237
2026-07-31,Current Portfolio,XLE,-0.005692711856559551
2026-08-31,Current Portfolio,XLE,-0.004590633187473436
2015-11-30,Current Portfolio,SCHD,-4.264431094693766e-05
2015-12-31,Current Portfolio,SCHD,0.0006681974212137343
2016-01-31,Current Portfolio,SCHD,0.0017394998219041227
2016-02-29,Current Portfolio,SCHD,0.0021644877331225003
2016-03-31,Current Portfolio,SCHD,0.0020140848303509154
2016-04-30,Current Portfolio,SCHD,0.0017314046498460968
2016-05-31,Current Portfolio,SCHD,0.001573332598349625
2016-06-30,Current Portfolio,SCHD,0.0028186354375759727
2016-07-31,Current Portfolio,SCHD,0.002428522961202001
2016-08-31,Current Portfolio,SCHD,0.0022061843924978675
2016-09-30,Current Portfolio,SCHD,0.002294135877227416
2016-10-31,Current Portfolio,SCHD,0.0023845826532396808
2016-11-30,Current Portfolio,SCHD,0.0021714623851434244
2016-12-31,Current Portfolio,SCHD,0.00267650083615108
2017-01-31,Current Portfolio,SCHD,0.0012084657614052639
2017-02-28,Current Portfolio,SCHD,0.0009582983436121181
2017-03-31,Current Portfolio,SCHD,0.0009667244289587759
2017-04-30,Current Portfolio,SCHD,0.0005894967854617513
2017-05-31,Current Portfolio,SCHD,0.0007548995360441843
2017-06-30,Current Portfolio,SCHD,0.00037946463350032564
2017-07-31,Current Portfolio,SCHD,0.000187928584354707
2017-08-31,Current Portfolio,SCHD,3.045925303019574e-05
2017-09-30,Current Portfolio,SCHD,0.0004552801481739473
2017-10-31,Current Portfolio,SCHD,0.0010703382537153357
2017-11-30,Current Portfolio,SCHD,0.0016236254493621702
2017-12-31,Current Portfolio,SCHD,0.002310649099270151
2018-01-31,Current Portfolio,SCHD,0.0014372367938800309
2018-02-28,Current Portfolio,SCHD,0.00043583223813007353
2018-03-31,Current Portfolio,SCHD,0.0006110635089542845
2018-04-30,Current Portfolio,SCHD,-0.00021395676601877506
2018-05-31,Current Portfolio,SCHD,-0.0005352400832058572
2018-06-30,Current Portfolio,SCHD,-0.00047214993094778544
2018-07-31,Current Portfolio,SCHD,-5.533343364636553e-05
2018-08-31,Current Portfolio,SCHD,-0.0005076937411709231
2018-09-30,Current Portfolio,SCHD,-0.00018487998867088343
2018-10-31,Current Portfolio,SCHD,0.0003289677681555076
2018-11-30,Current Portfolio,SCHD,0.0010721122695294123
2018-12-31,Current Portfolio,SCHD,0.0011620346805085776
2019-01-31,Current Portfolio,SCHD,0.0004728466795941462
2019-02-28,Current Portfolio,SCHD,0.0008820050367083494
2019-03-31,Current Portfolio,SCHD,0.0007494740762458758
2019-04-30,Current Portfolio,SCHD,0.00030247469131204304
2019-05-31,Current Portfolio,SCHD,-0.0003212755018626506
2019-06-30,Current Portfolio,SCHD,-0.0001612086403682272
2019-07-31,Current Portfolio,SCHD,-8.616316709834144e-05
2019-08-31,Current Portfolio,SCHD,0.00010557841708612688
2019-09-30,Current Portfolio,SCHD,0.0010240688174340535
2019-10-31,Current Portfolio,SCHD,0.0006065798810570617
2019-11-30,Current Portfolio,SCHD,0.0002060415199843064
2019-12-31,Current Portfolio,SCHD,-2.4296898317083737e-05
2020-01-31,Current Portfolio,SCHD,-0.0009826228233397688
2020-02-29,Current Portfolio,SCHD,-0.0017138253105276674
2020-03-31,Current Portfolio,SCHD,-0.0014103645355435129
2020-04-30,Current Portfolio,SCHD,-0.0004728959181723618
2020-05-31,Current Portfolio,SCHD,-0.0019315867993279618
2020-06-30,Current Portfolio,SCHD,-0.003096876973784341
2020-07-31,Current Portfolio,SCHD,-0.0033919447129332875
2020-08-31,Current Portfolio,SCHD,-0.004319697435047793
2020-09-30,Current Portfolio,SCHD,-0.0038700435711384712
2020-10-31,Current Portfolio,SCHD,-0.00231009204608616
2020-11-30,Current Portfolio,SCHD,-0.0011900653155545733
2020-12-31,Current Portfolio,SCHD,-0.001515354080632842
2021-01-31,Current Portfolio,SCHD,-0.0014517934761383916
2021-02-28,Current Portfolio,SCHD,0.00019666283703051977
2021-03-31,Current Portfolio,SCHD,0.002413051546449668
2021-04-30,Current Portfolio,SCHD,0.000899608620397246
2021-05-31,Current Portfolio,SCHD,0.0021937660684962995
2021-06-30,Current Portfolio,SCHD,0.0005576390810515801
2021-07-31,Current Portfolio,SCHD,-0.0003489478298818134
2021-08-31,Current Portfolio,SCHD,-0.0007987209316003225
2021-09-30,Current Portfolio,SCHD,-0.0003035828620492182
2021-10-31,Current Portfolio,SCHD,-0.0015914025447813125
2021-11-30,Current Portfolio,SCHD,-0.002227811317424561
2021-12-31,Current Portfolio,SCHD,-0.0012428196844392286
2022-01-31,Current Portfolio,SCHD,-0.00014192206518731697
2022-02-28,Current Portfolio,SCHD,0.0008784519824593991
2022-03-31,Current Portfolio,SCHD,0.0004901340971258546
2022-04-30,Current Portfolio,SCHD,0.0029295534192513573
2022-05-31,Current Portfolio,SCHD,0.004722611566911594
2022-06-30,Current Portfolio,SCHD,0.004873150078652249
2022-07-31,Current Portfolio,SCHD,0.0022079582299277473
2022-08-31,Current Portfolio,SCHD,0.00290894218593391
2022-09-30,Current Portfolio,SCHD,0.0038834937539232502
2022-10-31,Current Portfolio,SCHD,0.0054179121660996804
2022-11-30,Current Portfolio,SCHD,0.00601282681832806
2022-12-31,Current Portfolio,SCHD,0.007785227598695427
2023-01-31,Current Portfolio,SCHD,0.0050280679118376755
2023-02-28,Current Portfolio,SCHD,0.004596843907674209
2023-03-31,Current Portfolio,SCHD,0.0022584655593002215
2023-04-30,Current Portfolio,SCHD,0.0010167377136413305
2023-05-31,Current Portfolio,SCHD,-0.0012371851342168891
2023-06-30,Current Portfolio,SCHD,-0.0018186401973255494
2023-07-31,Current Portfolio,SCHD,-0.0013777937171024323
2023-08-31,Current Portfolio,SCHD,-0.0013095382154621193
2023-09-30,Current Portfolio,SCHD,-0.0009382694729240248
2023-10-31,Current Portfolio,SCHD,-0.0018561263815423503
2023-11-30,Current Portfolio,SCHD,-0.003208982379636977
2023-12-31,Current Portfolio,SCHD,-0.0015149968695888972
2024-01-31,Current Portfolio,SCHD,-0.0030737662902380505
2024-02-29,Current Portfolio,SCHD,-0.004773580308065156
2024-03-31,Current Portfolio,SCHD,-0.004070181507552622
2024-04-30,Current Portfolio,SCHD,-0.0043178018593813755
2024-05-31,Current Portfolio,SCHD,-0.0058100162199121504
2024-06-30,Current Portfolio,SCHD,-0.007579531237630787
2024-07-31,Current Portfolio,SCHD,-0.005119929350984313
2024-08-31,Current Portfolio,SCHD,-0.005107858219074256
2024-09-30,Current Portfolio,SCHD,-0.005702370701163167
2024-10-31,Current Portfolio,SCHD,-0.005135557561110387
2024-11-30,Current Portfolio,SCHD,-0.005821957379108894
2024-12-31,Current Portfolio,SCHD,-0.00802286832429242
2025-01-31,Current Portfolio,SCHD,-0.008444161153383511
2025-02-28,Current Portfolio,SCHD,-0.0065229519133106866
2025-03-31,Current Portfolio,SCHD,-0.004277324097503598
2025-04-30,Current Portfolio,SCHD,-0.007559576438064746
2025-05-31,Current Portfolio,SCHD,-0.009931716969004556
2025-06-30,Current Portfolio,SCHD,-0.011350366859398674
2025-07-31,Current Portfolio,SCHD,-0.012538668244865946
2025-08-31,Current Portfolio,SCHD,-0.010893825069582462
2025-09-30,Current Portfolio,SCHD,-0.013349607742816703
2025-10-31,Current Portfolio,SCHD,-0.015581511786929757
2025-11-30,Current Portfolio,SCHD,-0.01407026036136386
2025-12-31,Current Portfolio,SCHD,-0.013645061052239758
2026-01-31,Current Portfolio,SCHD,-0.01031980061026345
2026-02-28,Current Portfolio,SCHD,-0.00660885748737641
2026-03-31,Current Portfolio,SCHD,-0.005389304401336462
2026-04-30,Current Portfolio,SCHD,-0.00831835720026756
2026-05-31,Current Portfolio,SCHD,-0.010307546875331877
2026-06-30,Current Portfolio,SCHD,-0.01063090361335534
2026-07-31,Current Portfolio,SCHD,-0.008101117869342736
2026-08-31,Current Portfolio,SCHD,-0.007476942316662763
2015-11-30,Current Portfolio,GLD,-0.021633164711803564
2015-12-31,Current Portfolio,GLD,-0.01940243005454991
2016-01-31,Current Portfolio,GLD,0.014357089710443138
2016-02-29,Current Portfolio,GLD,0.04836881907345238
2016-03-31,Current Portfolio,GLD,0.02749608182996085
2016-04-30,Current Portfolio,GLD,0.04155577457634991
2016-05-31,Current Portfolio,GLD,0.016922908573967874
2016-06-30,Current Portfolio,GLD,0.041994010042509085
2016-07-31,Current Portfolio,GLD,0.03712745770319406
2016-08-31,Current Portfolio,GLD,0.027079650909692485
2016-09-30,Current Portfolio,GLD,0.029106229217691258
2016-10-31,Current Portfolio,GLD,0.02532385779466073
2016-11-30,Current Portfolio,GLD,-0.011463856353308322
2016-12-31,Current Portfolio,GLD,-0.020505128282578833
2017-01-31,Current Portfolio,GLD,-0.013105518258953109
2017-02-28,Current Portfolio,GLD,-0.015271354660043625
2017-03-31,Current Portfolio,GLD,-0.01690484852264651
2017-04-30,Current Portfolio,GLD,-0.014676887332495702
2017-05-31,Current Portfolio,GLD,-0.019238908523992772
2017-06-30,Current Portfolio,GLD,-0.02782097686610907
2017-07-31,Current Portfolio,GLD,-0.027066286971873986
2017-08-31,Current Portfolio,GLD,-0.01529491705673629
2017-09-30,Current Portfolio,GLD,-0.03177148253022568
2017-10-31,Current Portfolio,GLD,-0.040903296499258356
2017-11-30,Current Portfolio,GLD,-0.048695647727223186
2017-12-31,Current Portfolio,GLD,-0.0468624534059068
2018-01-31,Current Portfolio,GLD,-0.05324574298504159
2018-02-28,Current Portfolio,GLD,-0.04853560582705217
2018-03-31,Current Portfolio,GLD,-0.03857952319565484
2018-04-30,Current Portfolio,GLD,-0.04302282490559127
2018-05-31,Current Portfolio,GLD,-0.05401011671679201
2018-06-30,Current Portfolio,GLD,-0.06705268871092977
2018-07-31,Current Portfolio,GLD,-0.08475951188758327
2018-08-31,Current Portfolio,GLD,-0.10079657698302574
2018-09-30,Current Portfolio,GLD,-0.10455179729243472
2018-10-31,Current Portfolio,GLD,-0.07684354358944294
2018-11-30,Current Portfolio,GLD,-0.0813095761702667
2018-12-31,Current Portfolio,GLD,-0.03966002541595584
2019-01-31,Current Portfolio,GLD,-0.05534342168611009
2019-02-28,Current Portfolio,GLD,-0.06695935284899614
2019-03-31,Current Portfolio,GLD,-0.07735633193585709
2019-04-30,Current Portfolio,GLD,-0.09196722248436855
2019-05-31,Current Portfolio,GLD,-0.0670366049524768
2019-06-30,Current Portfolio,GLD,-0.06399047057070513
2019-07-31,Current Portfolio,GLD,-0.06862407895915999
2019-08-31,Current Portfolio,GLD,-0.039358666233252335
2019-09-30,Current Portfolio,GLD,-0.05525876721658747
2019-10-31,Current Portfolio,GLD,-0.05422982473798241
2019-11-30,Current Portfolio,GLD,-0.07494934085254364
2019-12-31,Current Portfolio,GLD,-0.07217326375999882
2020-01-31,Current Portfolio,GLD,-0.05878445069991824
2020-02-29,Current Portfolio,GLD,-0.036498274069836495
2020-03-31,Current Portfolio,GLD,0.0004584863513451276
2020-04-30,Current Portfolio,GLD,-0.010469195655066594
2020-05-31,Current Portfolio,GLD,-0.022270836124233334
2020-06-30,Current Portfolio,GLD,-0.019470587539451918
2020-07-31,Current Portfolio,GLD,-0.004875151083741787
2020-08-31,Current Portfolio,GLD,-0.026738502622286803
2020-09-30,Current Portfolio,GLD,-0.0252977230322953
2020-10-31,Current Portfolio,GLD,-0.022295397832402936
2020-11-30,Current Portfolio,GLD,-0.07006472495524944
2020-12-31,Current Portfolio,GLD,-0.05967166261585013
2021-01-31,Current Portfolio,GLD,-0.06703241017045004
2021-02-28,Current Portfolio,GLD,-0.09431135744063537
2021-03-31,Current Portfolio,GLD,-0.11148406695085461
2021-04-30,Current Portfolio,GLD,-0.11657249018024371
2021-05-31,Current Portfolio,GLD,-0.09530401500104588
2021-06-30,Current Portfolio,GLD,-0.1237853870944526
2021-07-31,Current Portfolio,GLD,-0.12351701026514615
2021-08-31,Current Portfolio,GLD,-0.13280517957612556
2021-09-30,Current Portfolio,GLD,-0.1284000079506627
2021-10-31,Current Portfolio,GLD,-0.14478044631551346
2021-11-30,Current Portfolio,GLD,-0.14443333365140915
2021-12-31,Current Portfolio,GLD,-0.1521166305745883
2022-01-31,Current Portfolio,GLD,-0.14038440858396628
2022-02-28,Current Portfolio,GLD,-0.1104003807387939
2022-03-31,Current Portfolio,GLD,-0.11796515126211457
2022-04-30,Current Portfolio,GLD,-0.09688798158371205
2022-05-31,Current Portfolio,GLD,-0.10709858135728487
2022-06-30,Current Portfolio,GLD,-0.08631644920545427
2022-07-31,Current Portfolio,GLD,-0.12191163410599379
2022-08-31,Current Portfolio,GLD,-0.11837695936704756
2022-09-30,Current Portfolio,GLD,-0.09805880264143146
2022-10-31,Current Portfolio,GLD,-0.12761772204153818
2022-11-30,Current Portfolio,GLD,-0.11941539738104817
2022-12-31,Current Portfolio,GLD,-0.09272301709191558
2023-01-31,Current Portfolio,GLD,-0.09626143592309325
2023-02-28,Current Portfolio,GLD,-0.10542506189622339
2023-03-31,Current Portfolio,GLD,-0.0930093028289333
2023-04-30,Current Portfolio,GLD,-0.09528763152944218
2023-05-31,Current Portfolio,GLD,-0.10062720215413536
2023-06-30,Current Portfolio,GLD,-0.12675751633258836
2023-07-31,Current Portfolio,GLD,-0.12961075914250295
2023-08-31,Current Portfolio,GLD,-0.12853030598716522
2023-09-30,Current Portfolio,GLD,-0.12300048701382127
2023-10-31,Current Portfolio,GLD,-0.10043537859434692
2023-11-30,Current Portfolio,GLD,-0.1193669717615841
2023-12-31,Current Portfolio,GLD,-0.12466717175535287
2024-01-31,Current Portfolio,GLD,-0.13854586006215155
2024-02-29,Current Portfolio,GLD,-0.15290564598666864
2024-03-31,Current Portfolio,GLD,-0.13651179756962614
2024-04-30,Current Portfolio,GLD,-0.11489095966845825
2024-05-31,Current Portfolio,GLD,-0.12513485706803773
2024-06-30,Current Portfolio,GLD,-0.1362134491012616
2024-07-31,Current Portfolio,GLD,-0.12391571023102028
2024-08-31,Current Portfolio,GLD,-0.12462987521971707
2024-09-30,Current Portfolio,GLD,-0.11578273159844445
2024-10-31,Current Portfolio,GLD,-0.09945878527384781
2024-11-30,Current Portfolio,GLD,-0.12701248788111533
2024-12-31,Current Portfolio,GLD,-0.12465035453455725
2025-01-31,Current Portfolio,GLD,-0.11176750642028538
2025-02-28,Current Portfolio,GLD,-0.1024414370476012
2025-03-31,Current Portfolio,GLD,-0.05669911180349075
2025-04-30,Current Portfolio,GLD,-0.03844295923482283
2025-05-31,Current Portfolio,GLD,-0.056751656286124136
2025-06-30,Current Portfolio,GLD,-0.07072512586256564
2025-07-31,Current Portfolio,GLD,-0.0797539974023188
2025-08-31,Current Portfolio,GLD,-0.07099238929835378
2025-09-30,Current Portfolio,GLD,-0.04607042301841385
2025-10-31,Current Portfolio,GLD,-0.04249321339176763
2025-11-30,Current Portfolio,GLD,-0.02656740849349152
2025-12-31,Current Portfolio,GLD,-0.01909972748818155
2026-01-31,Current Portfolio,GLD,0.01166940805695723
2026-02-28,Current Portfolio,GLD,0.04049389706865211
2026-03-31,Current Portfolio,GLD,0.02124506247909502
2026-04-30,Current Portfolio,GLD,-0.014188393997647934
2026-05-31,Current Portfolio,GLD,-0.034901980771564825
2026-06-30,Current Portfolio,GLD,-0.0680087590174659
2026-07-31,Current Portfolio,GLD,-0.06574386904035559
2026-08-31,Current Portfolio,GLD,-0.045148100629197
2015-11-30,Current Portfolio,138920,-0.001597766425065006
2015-12-31,Current Portfolio,138920,-0.001981972400999099
2016-01-31,Current Portfolio,138920,-0.0007378453786873907
2016-02-29,Current Portfolio,138920,-0.002367238649162268
2016-03-31,Current Portfolio,138920,0.0007081130391342781
2016-04-30,Current Portfolio,138920,0.006064558262597219
2016-05-31,Current Portfolio,138920,0.006362565336199622
2016-06-30,Current Portfolio,138920,0.010000365889163665
2016-07-31,Current Portfolio,138920,0.003092888148783779
2016-08-31,Current Portfolio,138920,0.002277843394296303
2016-09-30,Current Portfolio,138920,0.002736294909162429
2016-10-31,Current Portfolio,138920,0.004098244293831876
2016-11-30,Current Portfolio,138920,0.0025775130327308935
2016-12-31,Current Portfolio,138920,-0.001634895682587162
2017-01-31,Current Portfolio,138920,-0.0007654903587826446
2017-02-28,Current Portfolio,138920,-0.0016414550135748775
2017-03-31,Current Portfolio,138920,-0.003959415972540476
2017-04-30,Current Portfolio,138920,-0.00613882557149863
2017-05-31,Current Portfolio,138920,-0.008621096678318042
2017-06-30,Current Portfolio,138920,-0.00975860684838087
2017-07-31,Current Portfolio,138920,-0.00597327117489508
2017-08-31,Current Portfolio,138920,-0.009431653738676545
2017-09-30,Current Portfolio,138920,-0.01029958504105097
2017-10-31,Current Portfolio,138920,-0.009579734566518557
2017-11-30,Current Portfolio,138920,-0.009287816577937726
2017-12-31,Current Portfolio,138920,-0.010960676646053748
2018-01-31,Current Portfolio,138920,-0.01241040749682232
2018-02-28,Current Portfolio,138920,-0.008758123261358015
2018-03-31,Current Portfolio,138920,-0.008177787709309098
2018-04-30,Current Portfolio,138920,-0.007400129160055464
2018-05-31,Current Portfolio,138920,-0.010883125579637177
2018-06-30,Current Portfolio,138920,-0.020830365412537993
2018-07-31,Current Portfolio,138920,-0.02198654563495576
2018-08-31,Current Portfolio,138920,-0.026698563493632182
2018-09-30,Current Portfolio,138920,-0.025906806887244054
2018-10-31,Current Portfolio,138920,-0.024619304728167927
2018-11-30,Current Portfolio,138920,-0.022593791705664737
2018-12-31,Current Portfolio,138920,-0.01865048848664857
2019-01-31,Current Portfolio,138920,-0.020501427778333418
2019-02-28,Current Portfolio,138920,-0.02349858916169657
2019-03-31,Current Portfolio,138920,-0.026483761035414805
2019-04-30,Current Portfolio,138920,-0.03216636201670688
2019-05-31,Current Portfolio,138920,-0.02915800640360907
2019-06-30,Current Portfolio,138920,-0.030704181360320337
2019-07-31,Current Portfolio,138920,-0.033832727653053216
2019-08-31,Current Portfolio,138920,-0.035537309234243177
2019-09-30,Current Portfolio,138920,-0.03529978987064273
2019-10-31,Current Portfolio,138920,-0.03298470181834575
2019-11-30,Current Portfolio,138920,-0.03790039202032997
2019-12-31,Current Portfolio,138920,-0.03630906001847418
2020-01-31,Current Portfolio,138920,-0.04055001441313641
2020-02-29,Current Portfolio,138920,-0.038237607110738855
2020-03-31,Current Portfolio,138920,-0.032285174259402284
2020-04-30,Current Portfolio,138920,-0.041915322771227136
2020-05-31,Current Portfolio,138920,-0.04485834537727993
2020-06-30,Current Portfolio,138920,-0.04380493492012449
2020-07-31,Current Portfolio,138920,-0.044425195586460756
2020-08-31,Current Portfolio,138920,-0.04405737734941906
2020-09-30,Current Portfolio,138920,-0.03969529352105549
2020-10-31,Current Portfolio,138920,-0.034438660037966064
2020-11-30,Current Portfolio,138920,-0.03212286892671936
2020-12-31,Current Portfolio,138920,-0.029352290285920433
2021-01-31,Current Portfolio,138920,-0.027307882032399432
2021-02-28,Current Portfolio,138920,-0.027767394834662184
2021-03-31,Current Portfolio,138920,-0.03147866555323256
2021-04-30,Current Portfolio,138920,-0.02804540601995385
2021-05-31,Current Portfolio,138920,-0.027554299621423854
2021-06-30,Current Portfolio,138920,-0.03364548418439295
2021-07-31,Current Portfolio,138920,-0.03324325514885397
2021-08-31,Current Portfolio,138920,-0.03778687595045616
2021-09-30,Current Portfolio,138920,-0.0378817497337156
2021-10-31,Current Portfolio,138920,-0.04204714437721591
2021-11-30,Current Portfolio,138920,-0.043301632017931864
2021-12-31,Current Portfolio,138920,-0.041297599497334546
2022-01-31,Current Portfolio,138920,-0.035641620295542825
2022-02-28,Current Portfolio,138920,-0.027571260917293693
2022-03-31,Current Portfolio,138920,-0.029355765022941526
2022-04-30,Current Portfolio,138920,-0.02559299916229539
2022-05-31,Current Portfolio,138920,-0.02285231389763748
2022-06-30,Current Portfolio,138920,-0.023573717321531375
2022-07-31,Current Portfolio,138920,-0.02976258295226429
2022-08-31,Current Portfolio,138920,-0.029323901508611024
2022-09-30,Current Portfolio,138920,-0.029114578745676818
2022-10-31,Current Portfolio,138920,-0.033076654225641766
2022-11-30,Current Portfolio,138920,-0.030570101953433848
2022-12-31,Current Portfolio,138920,-0.023665422205454544
2023-01-31,Current Portfolio,138920,-0.02504517041421116
2023-02-28,Current Portfolio,138920,-0.0279419395861916
2023-03-31,Current Portfolio,138920,-0.02979819479468508
2023-04-30,Current Portfolio,138920,-0.033509993459343045
2023-05-31,Current Portfolio,138920,-0.03745496978571643
2023-06-30,Current Portfolio,138920,-0.03417603876645998
2023-07-31,Current Portfolio,138920,-0.03102937960062794
2023-08-31,Current Portfolio,138920,-0.031061530312704855
2023-09-30,Current Portfolio,138920,-0.03247902836654168
2023-10-31,Current Portfolio,138920,-0.03212387674350048
2023-11-30,Current Portfolio,138920,-0.03244540634600858
2023-12-31,Current Portfolio,138920,-0.0364324307746392
2024-01-31,Current Portfolio,138920,-0.042818148922569944
2024-02-29,Current Portfolio,138920,-0.04917811921070839
2024-03-31,Current Portfolio,138920,-0.049006571337310886
2024-04-30,Current Portfolio,138920,-0.0496384109123402
2024-05-31,Current Portfolio,138920,-0.05005515793834674
2024-06-30,Current Portfolio,138920,-0.055313267182388645
2024-07-31,Current Portfolio,138920,-0.058961935369844315
2024-08-31,Current Portfolio,138920,-0.060171945765601975
2024-09-30,Current Portfolio,138920,-0.05755959661348679
2024-10-31,Current Portfolio,138920,-0.06388802297711978
2024-11-30,Current Portfolio,138920,-0.06691550935711042
2024-12-31,Current Portfolio,138920,-0.06893929274776285
2025-01-31,Current Portfolio,138920,-0.0664944929024852
2025-02-28,Current Portfolio,138920,-0.06567437467192531
2025-03-31,Current Portfolio,138920,-0.06586849872340707
2025-04-30,Current Portfolio,138920,-0.06323018757695147
2025-05-31,Current Portfolio,138920,-0.06442746250057928
2025-06-30,Current Portfolio,138920,-0.06597222709272337
2025-07-31,Current Portfolio,138920,-0.06996571765112207
2025-08-31,Current Portfolio,138920,-0.06825036947565012
2025-09-30,Current Portfolio,138920,-0.07280502336203769
2025-10-31,Current Portfolio,138920,-0.07040560476749062
2025-11-30,Current Portfolio,138920,-0.07093741055708365
2025-12-31,Current Portfolio,138920,-0.07364759007470062
2026-01-31,Current Portfolio,138920,-0.07383476065231821
2026-02-28,Current Portfolio,138920,-0.069732125094654
2026-03-31,Current Portfolio,138920,-0.0698504867719713
2026-04-30,Current Portfolio,138920,-0.07271804532712335
2026-05-31,Current Portfolio,138920,-0.07639687248281025
2026-06-30,Current Portfolio,138920,-0.08091263545174791
2026-07-31,Current Portfolio,138920,-0.07447356232435189
2026-08-31,Current Portfolio,138920,-0.07142674020791523
2015-11-30,KAW Core Revised Internal,QQQ,0.00024651441568714907
2015-12-31,KAW Core Revised Internal,QQQ,0.0011280368872087277
2016-01-31,KAW Core Revised Internal,QQQ,-0.0015589033586765
2016-02-29,KAW Core Revised Internal,QQQ,-0.003085296829610029
2016-03-31,KAW Core Revised Internal,QQQ,-0.0029695004725691977
2016-04-30,KAW Core Revised Internal,QQQ,-0.006529061993032593
2016-05-31,KAW Core Revised Internal,QQQ,-0.0037337190282772277
2016-06-30,KAW Core Revised Internal,QQQ,-0.006278651586298079
2016-07-31,KAW Core Revised Internal,QQQ,-0.002859888329406646
2016-08-31,KAW Core Revised Internal,QQQ,-0.0019369362126792193
2016-09-30,KAW Core Revised Internal,QQQ,0.0002453854318148262
2016-10-31,KAW Core Revised Internal,QQQ,0.0005331913282832
2016-11-30,KAW Core Revised Internal,QQQ,-0.0027746011974397744
2016-12-31,KAW Core Revised Internal,QQQ,-0.002172838823057921
2017-01-31,KAW Core Revised Internal,QQQ,-0.000391648301637626
2017-02-28,KAW Core Revised Internal,QQQ,4.080569959725723e-05
2017-03-31,KAW Core Revised Internal,QQQ,0.001914266374923812
2017-04-30,KAW Core Revised Internal,QQQ,0.003668778328760303
2017-05-31,KAW Core Revised Internal,QQQ,0.006130791855107887
2017-06-30,KAW Core Revised Internal,QQQ,0.003103726057016776
2017-07-31,KAW Core Revised Internal,QQQ,0.005061627806224356
2017-08-31,KAW Core Revised Internal,QQQ,0.006851106272379183
2017-09-30,KAW Core Revised Internal,QQQ,0.004494887052850406
2017-10-31,KAW Core Revised Internal,QQQ,0.00670071971080345
2017-11-30,KAW Core Revised Internal,QQQ,0.005657130104393694
2017-12-31,KAW Core Revised Internal,QQQ,0.006054142225815696
2018-01-31,KAW Core Revised Internal,QQQ,0.008099217606404143
2018-02-28,KAW Core Revised Internal,QQQ,0.010457470630160483
2018-03-31,KAW Core Revised Internal,QQQ,0.009141216727065572
2018-04-30,KAW Core Revised Internal,QQQ,0.009130157624452184
2018-05-31,KAW Core Revised Internal,QQQ,0.01240402224339433
2018-06-30,KAW Core Revised Internal,QQQ,0.012995422860158189
2018-07-31,KAW Core Revised Internal,QQQ,0.012093899010858632
2018-08-31,KAW Core Revised Internal,QQQ,0.014690148502041055
2018-09-30,KAW Core Revised Internal,QQQ,0.013816460428012343
2018-10-31,KAW Core Revised Internal,QQQ,0.01209268477885964
2018-11-30,KAW Core Revised Internal,QQQ,0.01001130253504112
2018-12-31,KAW Core Revised Internal,QQQ,0.009659527330099104
2019-01-31,KAW Core Revised Internal,QQQ,0.011248595784152592
2019-02-28,KAW Core Revised Internal,QQQ,0.010996843641322416
2019-03-31,KAW Core Revised Internal,QQQ,0.013147789083300308
2019-04-30,KAW Core Revised Internal,QQQ,0.014597900879527224
2019-05-31,KAW Core Revised Internal,QQQ,0.012709966460114207
2019-06-30,KAW Core Revised Internal,QQQ,0.013323895984262922
2019-07-31,KAW Core Revised Internal,QQQ,0.014168644875515644
2019-08-31,KAW Core Revised Internal,QQQ,0.013939514164771015
2019-09-30,KAW Core Revised Internal,QQQ,0.012919417626141703
2019-10-31,KAW Core Revised Internal,QQQ,0.015026898151633815
2019-11-30,KAW Core Revised Internal,QQQ,0.015481638641942462
2019-12-31,KAW Core Revised Internal,QQQ,0.016634693359417505
2020-01-31,KAW Core Revised Internal,QQQ,0.019599455436746002
2020-02-29,KAW Core Revised Internal,QQQ,0.02149645127898881
2020-03-31,KAW Core Revised Internal,QQQ,0.02672073360364797
2020-04-30,KAW Core Revised Internal,QQQ,0.02883114263678594
2020-05-31,KAW Core Revised Internal,QQQ,0.030855609480338383
2020-06-30,KAW Core Revised Internal,QQQ,0.03522451381702535
2020-07-31,KAW Core Revised Internal,QQQ,0.03667108594221796
2020-08-31,KAW Core Revised Internal,QQQ,0.040627732069125365
2020-09-30,KAW Core Revised Internal,QQQ,0.038326614404019466
2020-10-31,KAW Core Revised Internal,QQQ,0.03810480094737449
2020-11-30,KAW Core Revised Internal,QQQ,0.03844511677935285
2020-12-31,KAW Core Revised Internal,QQQ,0.03995748963731875
2021-01-31,KAW Core Revised Internal,QQQ,0.04093706964232091
2021-02-28,KAW Core Revised Internal,QQQ,0.03800508508300735
2021-03-31,KAW Core Revised Internal,QQQ,0.03516153359302521
2021-04-30,KAW Core Revised Internal,QQQ,0.035769023637511624
2021-05-31,KAW Core Revised Internal,QQQ,0.03389327801814501
2021-06-30,KAW Core Revised Internal,QQQ,0.03795691096628266
2021-07-31,KAW Core Revised Internal,QQQ,0.03838126256286967
2021-08-31,KAW Core Revised Internal,QQQ,0.03964168004433226
2021-09-30,KAW Core Revised Internal,QQQ,0.03859671470494283
2021-10-31,KAW Core Revised Internal,QQQ,0.039432670617395346
2021-11-30,KAW Core Revised Internal,QQQ,0.0422890580129843
2021-12-31,KAW Core Revised Internal,QQQ,0.0389225327152973
2022-01-31,KAW Core Revised Internal,QQQ,0.03212033074895599
2022-02-28,KAW Core Revised Internal,QQQ,0.03398315122576951
2022-03-31,KAW Core Revised Internal,QQQ,0.03490483368839141
2022-04-30,KAW Core Revised Internal,QQQ,0.02985670670836765
2022-05-31,KAW Core Revised Internal,QQQ,0.028087882459802534
2022-06-30,KAW Core Revised Internal,QQQ,0.027401562110435627
2022-07-31,KAW Core Revised Internal,QQQ,0.030763829637072047
2022-08-31,KAW Core Revised Internal,QQQ,0.029673581983505858
2022-09-30,KAW Core Revised Internal,QQQ,0.028298071621269714
2022-10-31,KAW Core Revised Internal,QQQ,0.02419495858871543
2022-11-30,KAW Core Revised Internal,QQQ,0.024180988348235576
2022-12-31,KAW Core Revised Internal,QQQ,0.022107648674922476
2023-01-31,KAW Core Revised Internal,QQQ,0.025105311301956902
2023-02-28,KAW Core Revised Internal,QQQ,0.027411778453201
2023-03-31,KAW Core Revised Internal,QQQ,0.03310083618041491
2023-04-30,KAW Core Revised Internal,QQQ,0.031975190802029596
2023-05-31,KAW Core Revised Internal,QQQ,0.0392995617689433
2023-06-30,KAW Core Revised Internal,QQQ,0.03912324335010823
2023-07-31,KAW Core Revised Internal,QQQ,0.03968999151409782
2023-08-31,KAW Core Revised Internal,QQQ,0.03983739100707988
2023-09-30,KAW Core Revised Internal,QQQ,0.03897725995787867
2023-10-31,KAW Core Revised Internal,QQQ,0.039610643066470226
2023-11-30,KAW Core Revised Internal,QQQ,0.04122047984505431
2023-12-31,KAW Core Revised Internal,QQQ,0.04408145745820967
2024-01-31,KAW Core Revised Internal,QQQ,0.04248380519658546
2024-02-29,KAW Core Revised Internal,QQQ,0.042548794613028657
2024-03-31,KAW Core Revised Internal,QQQ,0.04052901397575277
2024-04-30,KAW Core Revised Internal,QQQ,0.04017816491967055
2024-05-31,KAW Core Revised Internal,QQQ,0.041264233960759185
2024-06-30,KAW Core Revised Internal,QQQ,0.04423059323889954
2024-07-31,KAW Core Revised Internal,QQQ,0.041381207352994095
2024-08-31,KAW Core Revised Internal,QQQ,0.04018008359533984
2024-09-30,KAW Core Revised Internal,QQQ,0.0406943628358749
2024-10-31,KAW Core Revised Internal,QQQ,0.04072342696232524
2024-11-30,KAW Core Revised Internal,QQQ,0.04010437269526549
2024-12-31,KAW Core Revised Internal,QQQ,0.04441630805233517
2025-01-31,KAW Core Revised Internal,QQQ,0.042685016007199074
2025-02-28,KAW Core Revised Internal,QQQ,0.0412428645568561
2025-03-31,KAW Core Revised Internal,QQQ,0.03919791263267625
2025-04-30,KAW Core Revised Internal,QQQ,0.04138760562640748
2025-05-31,KAW Core Revised Internal,QQQ,0.04417297698552966
2025-06-30,KAW Core Revised Internal,QQQ,0.04540026248356541
2025-07-31,KAW Core Revised Internal,QQQ,0.04552463129478643
2025-08-31,KAW Core Revised Internal,QQQ,0.04443225624613755
2025-09-30,KAW Core Revised Internal,QQQ,0.04627100266710901
2025-10-31,KAW Core Revised Internal,QQQ,0.04870330070393018
2025-11-30,KAW Core Revised Internal,QQQ,0.046901153936920556
2025-12-31,KAW Core Revised Internal,QQQ,0.0467587684209691
2026-01-31,KAW Core Revised Internal,QQQ,0.04590828108517886
2026-02-28,KAW Core Revised Internal,QQQ,0.04442424598372209
2026-03-31,KAW Core Revised Internal,QQQ,0.04452889630480727
2026-04-30,KAW Core Revised Internal,QQQ,0.04961258344601924
2026-05-31,KAW Core Revised Internal,QQQ,0.054995097208679136
2026-06-30,KAW Core Revised Internal,QQQ,0.055906656483697914
2026-07-31,KAW Core Revised Internal,QQQ,0.04984424414019584
2026-08-31,KAW Core Revised Internal,QQQ,0.05095781319743564
2015-11-30,KAW Core Revised Internal,SCHD,-8.528862189387532e-05
2015-12-31,KAW Core Revised Internal,SCHD,0.0013363948424274686
2016-01-31,KAW Core Revised Internal,SCHD,0.0034789996438082454
2016-02-29,KAW Core Revised Internal,SCHD,0.004328975466245001
2016-03-31,KAW Core Revised Internal,SCHD,0.004028169660701831
2016-04-30,KAW Core Revised Internal,SCHD,0.0034628092996921937
2016-05-31,KAW Core Revised Internal,SCHD,0.00314666519669925
2016-06-30,KAW Core Revised Internal,SCHD,0.0056372708751519455
2016-07-31,KAW Core Revised Internal,SCHD,0.004857045922404002
2016-08-31,KAW Core Revised Internal,SCHD,0.004412368784995735
2016-09-30,KAW Core Revised Internal,SCHD,0.004588271754454832
2016-10-31,KAW Core Revised Internal,SCHD,0.0047691653064793615
2016-11-30,KAW Core Revised Internal,SCHD,0.004342924770286849
2016-12-31,KAW Core Revised Internal,SCHD,0.00535300167230216
2017-01-31,KAW Core Revised Internal,SCHD,0.0024169315228105277
2017-02-28,KAW Core Revised Internal,SCHD,0.0019165966872242363
2017-03-31,KAW Core Revised Internal,SCHD,0.0019334488579175518
2017-04-30,KAW Core Revised Internal,SCHD,0.0011789935709235026
2017-05-31,KAW Core Revised Internal,SCHD,0.0015097990720883685
2017-06-30,KAW Core Revised Internal,SCHD,0.0007589292670006513
2017-07-31,KAW Core Revised Internal,SCHD,0.000375857168709414
2017-08-31,KAW Core Revised Internal,SCHD,6.091850606039148e-05
2017-09-30,KAW Core Revised Internal,SCHD,0.0009105602963478946
2017-10-31,KAW Core Revised Internal,SCHD,0.0021406765074306715
2017-11-30,KAW Core Revised Internal,SCHD,0.0032472508987243403
2017-12-31,KAW Core Revised Internal,SCHD,0.004621298198540302
2018-01-31,KAW Core Revised Internal,SCHD,0.0028744735877600618
2018-02-28,KAW Core Revised Internal,SCHD,0.0008716644762601471
2018-03-31,KAW Core Revised Internal,SCHD,0.001222127017908569
2018-04-30,KAW Core Revised Internal,SCHD,-0.0004279135320375501
2018-05-31,KAW Core Revised Internal,SCHD,-0.0010704801664117144
2018-06-30,KAW Core Revised Internal,SCHD,-0.0009442998618955709
2018-07-31,KAW Core Revised Internal,SCHD,-0.00011066686729273106
2018-08-31,KAW Core Revised Internal,SCHD,-0.0010153874823418461
2018-09-30,KAW Core Revised Internal,SCHD,-0.00036975997734176686
2018-10-31,KAW Core Revised Internal,SCHD,0.0006579355363110152
2018-11-30,KAW Core Revised Internal,SCHD,0.0021442245390588246
2018-12-31,KAW Core Revised Internal,SCHD,0.002324069361017155
2019-01-31,KAW Core Revised Internal,SCHD,0.0009456933591882924
2019-02-28,KAW Core Revised Internal,SCHD,0.0017640100734166988
2019-03-31,KAW Core Revised Internal,SCHD,0.0014989481524917516
2019-04-30,KAW Core Revised Internal,SCHD,0.0006049493826240861
2019-05-31,KAW Core Revised Internal,SCHD,-0.0006425510037253012
2019-06-30,KAW Core Revised Internal,SCHD,-0.0003224172807364544
2019-07-31,KAW Core Revised Internal,SCHD,-0.00017232633419668288
2019-08-31,KAW Core Revised Internal,SCHD,0.00021115683417225376
2019-09-30,KAW Core Revised Internal,SCHD,0.002048137634868107
2019-10-31,KAW Core Revised Internal,SCHD,0.0012131597621141234
2019-11-30,KAW Core Revised Internal,SCHD,0.0004120830399686128
2019-12-31,KAW Core Revised Internal,SCHD,-4.8593796634167474e-05
2020-01-31,KAW Core Revised Internal,SCHD,-0.0019652456466795376
2020-02-29,KAW Core Revised Internal,SCHD,-0.0034276506210553347
2020-03-31,KAW Core Revised Internal,SCHD,-0.0028207290710870257
2020-04-30,KAW Core Revised Internal,SCHD,-0.0009457918363447236
2020-05-31,KAW Core Revised Internal,SCHD,-0.0038631735986559236
2020-06-30,KAW Core Revised Internal,SCHD,-0.006193753947568682
2020-07-31,KAW Core Revised Internal,SCHD,-0.006783889425866575
2020-08-31,KAW Core Revised Internal,SCHD,-0.008639394870095586
2020-09-30,KAW Core Revised Internal,SCHD,-0.0077400871422769425
2020-10-31,KAW Core Revised Internal,SCHD,-0.00462018409217232
2020-11-30,KAW Core Revised Internal,SCHD,-0.0023801306311091465
2020-12-31,KAW Core Revised Internal,SCHD,-0.003030708161265684
2021-01-31,KAW Core Revised Internal,SCHD,-0.002903586952276783
2021-02-28,KAW Core Revised Internal,SCHD,0.00039332567406103955
2021-03-31,KAW Core Revised Internal,SCHD,0.004826103092899336
2021-04-30,KAW Core Revised Internal,SCHD,0.001799217240794492
2021-05-31,KAW Core Revised Internal,SCHD,0.004387532136992599
2021-06-30,KAW Core Revised Internal,SCHD,0.0011152781621031603
2021-07-31,KAW Core Revised Internal,SCHD,-0.0006978956597636268
2021-08-31,KAW Core Revised Internal,SCHD,-0.001597441863200645
2021-09-30,KAW Core Revised Internal,SCHD,-0.0006071657240984364
2021-10-31,KAW Core Revised Internal,SCHD,-0.003182805089562625
2021-11-30,KAW Core Revised Internal,SCHD,-0.004455622634849122
2021-12-31,KAW Core Revised Internal,SCHD,-0.0024856393688784573
2022-01-31,KAW Core Revised Internal,SCHD,-0.00028384413037463394
2022-02-28,KAW Core Revised Internal,SCHD,0.0017569039649187983
2022-03-31,KAW Core Revised Internal,SCHD,0.0009802681942517092
2022-04-30,KAW Core Revised Internal,SCHD,0.0058591068385027145
2022-05-31,KAW Core Revised Internal,SCHD,0.009445223133823188
2022-06-30,KAW Core Revised Internal,SCHD,0.009746300157304499
2022-07-31,KAW Core Revised Internal,SCHD,0.004415916459855495
2022-08-31,KAW Core Revised Internal,SCHD,0.00581788437186782
2022-09-30,KAW Core Revised Internal,SCHD,0.0077669875078465005
2022-10-31,KAW Core Revised Internal,SCHD,0.010835824332199361
2022-11-30,KAW Core Revised Internal,SCHD,0.01202565363665612
2022-12-31,KAW Core Revised Internal,SCHD,0.015570455197390854
2023-01-31,KAW Core Revised Internal,SCHD,0.010056135823675351
2023-02-28,KAW Core Revised Internal,SCHD,0.009193687815348418
2023-03-31,KAW Core Revised Internal,SCHD,0.004516931118600443
2023-04-30,KAW Core Revised Internal,SCHD,0.002033475427282661
2023-05-31,KAW Core Revised Internal,SCHD,-0.0024743702684337783
2023-06-30,KAW Core Revised Internal,SCHD,-0.003637280394651099
2023-07-31,KAW Core Revised Internal,SCHD,-0.0027555874342048647
2023-08-31,KAW Core Revised Internal,SCHD,-0.0026190764309242387
2023-09-30,KAW Core Revised Internal,SCHD,-0.0018765389458480497
2023-10-31,KAW Core Revised Internal,SCHD,-0.0037122527630847005
2023-11-30,KAW Core Revised Internal,SCHD,-0.006417964759273954
2023-12-31,KAW Core Revised Internal,SCHD,-0.0030299937391777944
2024-01-31,KAW Core Revised Internal,SCHD,-0.006147532580476101
2024-02-29,KAW Core Revised Internal,SCHD,-0.009547160616130312
2024-03-31,KAW Core Revised Internal,SCHD,-0.008140363015105245
2024-04-30,KAW Core Revised Internal,SCHD,-0.008635603718762751
2024-05-31,KAW Core Revised Internal,SCHD,-0.011620032439824301
2024-06-30,KAW Core Revised Internal,SCHD,-0.015159062475261574
2024-07-31,KAW Core Revised Internal,SCHD,-0.010239858701968627
2024-08-31,KAW Core Revised Internal,SCHD,-0.010215716438148512
2024-09-30,KAW Core Revised Internal,SCHD,-0.011404741402326333
2024-10-31,KAW Core Revised Internal,SCHD,-0.010271115122220774
2024-11-30,KAW Core Revised Internal,SCHD,-0.011643914758217787
2024-12-31,KAW Core Revised Internal,SCHD,-0.01604573664858484
2025-01-31,KAW Core Revised Internal,SCHD,-0.016888322306767022
2025-02-28,KAW Core Revised Internal,SCHD,-0.013045903826621373
2025-03-31,KAW Core Revised Internal,SCHD,-0.008554648195007196
2025-04-30,KAW Core Revised Internal,SCHD,-0.015119152876129492
2025-05-31,KAW Core Revised Internal,SCHD,-0.01986343393800911
2025-06-30,KAW Core Revised Internal,SCHD,-0.02270073371879735
2025-07-31,KAW Core Revised Internal,SCHD,-0.025077336489731893
2025-08-31,KAW Core Revised Internal,SCHD,-0.021787650139164925
2025-09-30,KAW Core Revised Internal,SCHD,-0.026699215485633407
2025-10-31,KAW Core Revised Internal,SCHD,-0.031163023573859513
2025-11-30,KAW Core Revised Internal,SCHD,-0.02814052072272772
2025-12-31,KAW Core Revised Internal,SCHD,-0.027290122104479515
2026-01-31,KAW Core Revised Internal,SCHD,-0.0206396012205269
2026-02-28,KAW Core Revised Internal,SCHD,-0.01321771497475282
2026-03-31,KAW Core Revised Internal,SCHD,-0.010778608802672923
2026-04-30,KAW Core Revised Internal,SCHD,-0.01663671440053512
2026-05-31,KAW Core Revised Internal,SCHD,-0.020615093750663754
2026-06-30,KAW Core Revised Internal,SCHD,-0.02126180722671068
2026-07-31,KAW Core Revised Internal,SCHD,-0.016202235738685473
2026-08-31,KAW Core Revised Internal,SCHD,-0.014953884633325526
2015-11-30,KAW Core Revised Internal,GLD,-0.014422109807869045
2015-12-31,KAW Core Revised Internal,GLD,-0.012934953369699943
2016-01-31,KAW Core Revised Internal,GLD,0.009571393140295426
2016-02-29,KAW Core Revised Internal,GLD,0.03224587938230159
2016-03-31,KAW Core Revised Internal,GLD,0.0183307212199739
2016-04-30,KAW Core Revised Internal,GLD,0.027703849717566613
2016-05-31,KAW Core Revised Internal,GLD,0.01128193904931192
2016-06-30,KAW Core Revised Internal,GLD,0.027996006695006063
2016-07-31,KAW Core Revised Internal,GLD,0.02475163846879605
2016-08-31,KAW Core Revised Internal,GLD,0.018053100606461665
2016-09-30,KAW Core Revised Internal,GLD,0.019404152811794178
2016-10-31,KAW Core Revised Internal,GLD,0.016882571863107158
2016-11-30,KAW Core Revised Internal,GLD,-0.007642570902205544
2016-12-31,KAW Core Revised Internal,GLD,-0.013670085521719218
2017-01-31,KAW Core Revised Internal,GLD,-0.008737012172635401
2017-02-28,KAW Core Revised Internal,GLD,-0.010180903106695744
2017-03-31,KAW Core Revised Internal,GLD,-0.011269899015097668
2017-04-30,KAW Core Revised Internal,GLD,-0.00978459155499713
2017-05-31,KAW Core Revised Internal,GLD,-0.012825939015995175
2017-06-30,KAW Core Revised Internal,GLD,-0.018547317910739377
2017-07-31,KAW Core Revised Internal,GLD,-0.018044191314582656
2017-08-31,KAW Core Revised Internal,GLD,-0.010196611371157524
2017-09-30,KAW Core Revised Internal,GLD,-0.021180988353483785
2017-10-31,KAW Core Revised Internal,GLD,-0.027268864332838903
2017-11-30,KAW Core Revised Internal,GLD,-0.032463765151482124
2017-12-31,KAW Core Revised Internal,GLD,-0.031241635603937865
2018-01-31,KAW Core Revised Internal,GLD,-0.035497161990027726
2018-02-28,KAW Core Revised Internal,GLD,-0.03235707055136812
2018-03-31,KAW Core Revised Internal,GLD,-0.025719682130436565
2018-04-30,KAW Core Revised Internal,GLD,-0.028681883270394185
2018-05-31,KAW Core Revised Internal,GLD,-0.03600674447786134
2018-06-30,KAW Core Revised Internal,GLD,-0.044701792473953186
2018-07-31,KAW Core Revised Internal,GLD,-0.056506341258388854
2018-08-31,KAW Core Revised Internal,GLD,-0.06719771798868385
2018-09-30,KAW Core Revised Internal,GLD,-0.06970119819495649
2018-10-31,KAW Core Revised Internal,GLD,-0.05122902905962863
2018-11-30,KAW Core Revised Internal,GLD,-0.054206384113511134
2018-12-31,KAW Core Revised Internal,GLD,-0.026440016943970558
2019-01-31,KAW Core Revised Internal,GLD,-0.036895614457406724
2019-02-28,KAW Core Revised Internal,GLD,-0.04463956856599743
2019-03-31,KAW Core Revised Internal,GLD,-0.05157088795723806
2019-04-30,KAW Core Revised Internal,GLD,-0.0613114816562457
2019-05-31,KAW Core Revised Internal,GLD,-0.04469106996831787
2019-06-30,KAW Core Revised Internal,GLD,-0.04266031371380342
2019-07-31,KAW Core Revised Internal,GLD,-0.045749385972773324
2019-08-31,KAW Core Revised Internal,GLD,-0.02623911082216822
2019-09-30,KAW Core Revised Internal,GLD,-0.036839178144391645
2019-10-31,KAW Core Revised Internal,GLD,-0.036153216491988265
2019-11-30,KAW Core Revised Internal,GLD,-0.04996622723502909
2019-12-31,KAW Core Revised Internal,GLD,-0.048115509173332544
2020-01-31,KAW Core Revised Internal,GLD,-0.03918963379994549
2020-02-29,KAW Core Revised Internal,GLD,-0.024332182713224328
2020-03-31,KAW Core Revised Internal,GLD,0.0003056575675634207
2020-04-30,KAW Core Revised Internal,GLD,-0.006979463770044394
2020-05-31,KAW Core Revised Internal,GLD,-0.01484722408282222
2020-06-30,KAW Core Revised Internal,GLD,-0.012980391692967943
2020-07-31,KAW Core Revised Internal,GLD,-0.0032501007224945214
2020-08-31,KAW Core Revised Internal,GLD,-0.017825668414857866
2020-09-30,KAW Core Revised Internal,GLD,-0.016865148688196864
2020-10-31,KAW Core Revised Internal,GLD,-0.014863598554935287
2020-11-30,KAW Core Revised Internal,GLD,-0.04670981663683296
2020-12-31,KAW Core Revised Internal,GLD,-0.03978110841056675
2021-01-31,KAW Core Revised Internal,GLD,-0.04468827344696669
2021-02-28,KAW Core Revised Internal,GLD,-0.06287423829375692
2021-03-31,KAW Core Revised Internal,GLD,-0.07432271130056975
2021-04-30,KAW Core Revised Internal,GLD,-0.0777149934534958
2021-05-31,KAW Core Revised Internal,GLD,-0.06353601000069725
2021-06-30,KAW Core Revised Internal,GLD,-0.08252359139630173
2021-07-31,KAW Core Revised Internal,GLD,-0.08234467351009743
2021-08-31,KAW Core Revised Internal,GLD,-0.0885367863840837
2021-09-30,KAW Core Revised Internal,GLD,-0.0856000053004418
2021-10-31,KAW Core Revised Internal,GLD,-0.09652029754367564
2021-11-30,KAW Core Revised Internal,GLD,-0.09628888910093943
2021-12-31,KAW Core Revised Internal,GLD,-0.10141108704972553
2022-01-31,KAW Core Revised Internal,GLD,-0.09358960572264419
2022-02-28,KAW Core Revised Internal,GLD,-0.07360025382586259
2022-03-31,KAW Core Revised Internal,GLD,-0.07864343417474304
2022-04-30,KAW Core Revised Internal,GLD,-0.0645919877224747
2022-05-31,KAW Core Revised Internal,GLD,-0.0713990542381899
2022-06-30,KAW Core Revised Internal,GLD,-0.05754429947030283
2022-07-31,KAW Core Revised Internal,GLD,-0.08127442273732918
2022-08-31,KAW Core Revised Internal,GLD,-0.07891797291136504
2022-09-30,KAW Core Revised Internal,GLD,-0.06537253509428764
2022-10-31,KAW Core Revised Internal,GLD,-0.08507848136102544
2022-11-30,KAW Core Revised Internal,GLD,-0.07961026492069878
2022-12-31,KAW Core Revised Internal,GLD,-0.06181534472794372
2023-01-31,KAW Core Revised Internal,GLD,-0.06417429061539551
2023-02-28,KAW Core Revised Internal,GLD,-0.07028337459748227
2023-03-31,KAW Core Revised Internal,GLD,-0.06200620188595554
2023-04-30,KAW Core Revised Internal,GLD,-0.06352508768629479
2023-05-31,KAW Core Revised Internal,GLD,-0.06708480143609023
2023-06-30,KAW Core Revised Internal,GLD,-0.08450501088839224
2023-07-31,KAW Core Revised Internal,GLD,-0.08640717276166862
2023-08-31,KAW Core Revised Internal,GLD,-0.08568687065811013
2023-09-30,KAW Core Revised Internal,GLD,-0.08200032467588082
2023-10-31,KAW Core Revised Internal,GLD,-0.06695691906289793
2023-11-30,KAW Core Revised Internal,GLD,-0.07957798117438938
2023-12-31,KAW Core Revised Internal,GLD,-0.08311144783690189
2024-01-31,KAW Core Revised Internal,GLD,-0.092363906708101
2024-02-29,KAW Core Revised Internal,GLD,-0.10193709732444572
2024-03-31,KAW Core Revised Internal,GLD,-0.09100786504641739
2024-04-30,KAW Core Revised Internal,GLD,-0.07659397311230545
2024-05-31,KAW Core Revised Internal,GLD,-0.08342323804535844
2024-06-30,KAW Core Revised Internal,GLD,-0.09080896606750768
2024-07-31,KAW Core Revised Internal,GLD,-0.0826104734873468
2024-08-31,KAW Core Revised Internal,GLD,-0.08308658347981134
2024-09-30,KAW Core Revised Internal,GLD,-0.07718848773229627
2024-10-31,KAW Core Revised Internal,GLD,-0.06630585684923183
2024-11-30,KAW Core Revised Internal,GLD,-0.08467499192074351
2024-12-31,KAW Core Revised Internal,GLD,-0.08310023635637145
2025-01-31,KAW Core Revised Internal,GLD,-0.07451167094685687
2025-02-28,KAW Core Revised Internal,GLD,-0.06829429136506743
2025-03-31,KAW Core Revised Internal,GLD,-0.037799407868993794
2025-04-30,KAW Core Revised Internal,GLD,-0.02562863948988184
2025-05-31,KAW Core Revised Internal,GLD,-0.03783443752408272
2025-06-30,KAW Core Revised Internal,GLD,-0.04715008390837706
2025-07-31,KAW Core Revised Internal,GLD,-0.053169331601545834
2025-08-31,KAW Core Revised Internal,GLD,-0.047328259532235815
2025-09-30,KAW Core Revised Internal,GLD,-0.0307136153456092
2025-10-31,KAW Core Revised Internal,GLD,-0.028328808927845048
2025-11-30,KAW Core Revised Internal,GLD,-0.017711605662327642
2025-12-31,KAW Core Revised Internal,GLD,-0.012733151658787665
2026-01-31,KAW Core Revised Internal,GLD,0.007779605371304857
2026-02-28,KAW Core Revised Internal,GLD,0.02699593137910145
2026-03-31,KAW Core Revised Internal,GLD,0.014163374986063385
2026-04-30,KAW Core Revised Internal,GLD,-0.00945892933176525
2026-05-31,KAW Core Revised Internal,GLD,-0.023267987181043177
2026-06-30,KAW Core Revised Internal,GLD,-0.045339172678310564
2026-07-31,KAW Core Revised Internal,GLD,-0.04382924602690368
2026-08-31,KAW Core Revised Internal,GLD,-0.03009873375279795
2015-11-30,KAW Core Revised Internal,EWY,-0.002621343967518932
2015-12-31,KAW Core Revised Internal,EWY,-0.003980868139000977
2016-01-31,KAW Core Revised Internal,EWY,-0.0033290047093046124
2016-02-29,KAW Core Revised Internal,EWY,-0.0052448150171931825
2016-03-31,KAW Core Revised Internal,EWY,-0.00035826978986921824
2016-04-30,KAW Core Revised Internal,EWY,-0.001529862854035206
2016-05-31,KAW Core Revised Internal,EWY,-0.006948394788230399
2016-06-30,KAW Core Revised Internal,EWY,-0.0036181856915063725
2016-07-31,KAW Core Revised Internal,EWY,-0.0010832046324688702
2016-08-31,KAW Core Revised Internal,EWY,-0.00019436014270641318
2016-09-30,KAW Core Revised Internal,EWY,0.002299033383650553
2016-10-31,KAW Core Revised Internal,EWY,-0.00023972184590718374
2016-11-30,KAW Core Revised Internal,EWY,-0.006317683693946013
2016-12-31,KAW Core Revised Internal,EWY,-0.0062069174603036365
2017-01-31,KAW Core Revised Internal,EWY,-0.001654938041372774
2017-02-28,KAW Core Revised Internal,EWY,-0.003791936583915173
2017-03-31,KAW Core Revised Internal,EWY,0.0005639429448802235
2017-04-30,KAW Core Revised Internal,EWY,6.152562336129703e-05
2017-05-31,KAW Core Revised Internal,EWY,0.006113346756662636
2017-06-30,KAW Core Revised Internal,EWY,0.005699905689038988
2017-07-31,KAW Core Revised Internal,EWY,0.0062713164409639605
2017-08-31,KAW Core Revised Internal,EWY,0.004619064851181189
2017-09-30,KAW Core Revised Internal,EWY,0.0036780722035023488
2017-10-31,KAW Core Revised Internal,EWY,0.008303339067903703
2017-11-30,KAW Core Revised Internal,EWY,0.006352580424499266
2017-12-31,KAW Core Revised Internal,EWY,0.007659783426641908
2018-01-31,KAW Core Revised Internal,EWY,0.0065216127900100136
2018-02-28,KAW Core Revised Internal,EWY,0.0031205558578879604
2018-03-31,KAW Core Revised Internal,EWY,0.00894664419085
2018-04-30,KAW Core Revised Internal,EWY,0.008690474661383493
2018-05-31,KAW Core Revised Internal,EWY,0.0030293286503850943
2018-06-30,KAW Core Revised Internal,EWY,-0.0025453579458944112
2018-07-31,KAW Core Revised Internal,EWY,-0.006014736954142981
2018-08-31,KAW Core Revised Internal,EWY,-0.008504235213645624
2018-09-30,KAW Core Revised Internal,EWY,-0.007852775815925837
2018-10-31,KAW Core Revised Internal,EWY,-0.014183900946248463
2018-11-30,KAW Core Revised Internal,EWY,-0.012473156196442733
2018-12-31,KAW Core Revised Internal,EWY,-0.006042012473379215
2019-01-31,KAW Core Revised Internal,EWY,-0.005206867680368328
2019-02-28,KAW Core Revised Internal,EWY,-0.00998945114785852
2019-03-31,KAW Core Revised Internal,EWY,-0.014072973284143437
2019-04-30,KAW Core Revised Internal,EWY,-0.01671115285409875
2019-05-31,KAW Core Revised Internal,EWY,-0.019355668760412288
2019-06-30,KAW Core Revised Internal,EWY,-0.0187494451098965
2019-07-31,KAW Core Revised Internal,EWY,-0.026123393382429784
2019-08-31,KAW Core Revised Internal,EWY,-0.027904958062649875
2019-09-30,KAW Core Revised Internal,EWY,-0.0248585091257986
2019-10-31,KAW Core Revised Internal,EWY,-0.02300387063013429
2019-11-30,KAW Core Revised Internal,EWY,-0.02656444864318888
2019-12-31,KAW Core Revised Internal,EWY,-0.022101304561971197
2020-01-31,KAW Core Revised Internal,EWY,-0.02799239661647998
2020-02-29,KAW Core Revised Internal,EWY,-0.025339040859989424
2020-03-31,KAW Core Revised Internal,EWY,-0.027059938768953528
2020-04-30,KAW Core Revised Internal,EWY,-0.027556829746646326
2020-05-31,KAW Core Revised Internal,EWY,-0.02993434485043777
2020-06-30,KAW Core Revised Internal,EWY,-0.026145928637957387
2020-07-31,KAW Core Revised Internal,EWY,-0.026471887727663235
2020-08-31,KAW Core Revised Internal,EWY,-0.028321210943950362
2020-09-30,KAW Core Revised Internal,EWY,-0.023287460216315864
2020-10-31,KAW Core Revised Internal,EWY,-0.021179100796926007
2020-11-30,KAW Core Revised Internal,EWY,-0.01580356259765359
2020-12-31,KAW Core Revised Internal,EWY,-0.0075051947237185015
2021-01-31,KAW Core Revised Internal,EWY,-0.005291923595070246
2021-02-28,KAW Core Revised Internal,EWY,-0.007648796744246886
2021-03-31,KAW Core Revised Internal,EWY,-0.009722334971840739
2021-04-30,KAW Core Revised Internal,EWY,-0.013124931585658531
2021-05-31,KAW Core Revised Internal,EWY,-0.012344146335025096
2021-06-30,KAW Core Revised Internal,EWY,-0.013147423766814206
2021-07-31,KAW Core Revised Internal,EWY,-0.018967635278335976
2021-08-31,KAW Core Revised Internal,EWY,-0.023265738473231372
2021-09-30,KAW Core Revised Internal,EWY,-0.02514209418033713
2021-10-31,KAW Core Revised Internal,EWY,-0.0318220474992191
2021-11-30,KAW Core Revised Internal,EWY,-0.03502624906786038
2021-12-31,KAW Core Revised Internal,EWY,-0.03485725463642098
2022-01-31,KAW Core Revised Internal,EWY,-0.03829326282247148
2022-02-28,KAW Core Revised Internal,EWY,-0.03363054609516788
2022-03-31,KAW Core Revised Internal,EWY,-0.038002327185007276
2022-04-30,KAW Core Revised Internal,EWY,-0.036047142002222345
2022-05-31,KAW Core Revised Internal,EWY,-0.03458305274280959
2022-06-30,KAW Core Revised Internal,EWY,-0.03975217730271011
2022-07-31,KAW Core Revised Internal,EWY,-0.04389844899336181
2022-08-31,KAW Core Revised Internal,EWY,-0.04413046788938714
2022-09-30,KAW Core Revised Internal,EWY,-0.05177928873093109
2022-10-31,KAW Core Revised Internal,EWY,-0.0507705011635477
2022-11-30,KAW Core Revised Internal,EWY,-0.04211919988251749
2022-12-31,KAW Core Revised Internal,EWY,-0.04053312511410985
2023-01-31,KAW Core Revised Internal,EWY,-0.03773215554898587
2023-02-28,KAW Core Revised Internal,EWY,-0.042285046008323855
2023-03-31,KAW Core Revised Internal,EWY,-0.04154410966207122
2023-04-30,KAW Core Revised Internal,EWY,-0.04360686389003334
2023-05-31,KAW Core Revised Internal,EWY,-0.041225700412544086
2023-06-30,KAW Core Revised Internal,EWY,-0.04564955769258645
2023-07-31,KAW Core Revised Internal,EWY,-0.043070593827546216
2023-08-31,KAW Core Revised Internal,EWY,-0.04800632698287963
2023-09-30,KAW Core Revised Internal,EWY,-0.048724795171584456
2023-10-31,KAW Core Revised Internal,EWY,-0.05239997883747163
2023-11-30,KAW Core Revised Internal,EWY,-0.04812751011466417
2023-12-31,KAW Core Revised Internal,EWY,-0.04475381925651527
2024-01-31,KAW Core Revised Internal,EWY,-0.055249462674955015
2024-02-29,KAW Core Revised Internal,EWY,-0.053172076987891226
2024-03-31,KAW Core Revised Internal,EWY,-0.05203077355912798
2024-04-30,KAW Core Revised Internal,EWY,-0.053687675826006725
2024-05-31,KAW Core Revised Internal,EWY,-0.05880136479916137
2024-06-30,KAW Core Revised Internal,EWY,-0.05657502939541869
2024-07-31,KAW Core Revised Internal,EWY,-0.05698129022622907
2024-08-31,KAW Core Revised Internal,EWY,-0.06003253557221697
2024-09-30,KAW Core Revised Internal,EWY,-0.06354692530757294
2024-10-31,KAW Core Revised Internal,EWY,-0.06810794029388356
2024-11-30,KAW Core Revised Internal,EWY,-0.07627659434005764
2024-12-31,KAW Core Revised Internal,EWY,-0.08132469042866877
2025-01-31,KAW Core Revised Internal,EWY,-0.07947150346992572
2025-02-28,KAW Core Revised Internal,EWY,-0.07740662951952915
2025-03-31,KAW Core Revised Internal,EWY,-0.07381708140102346
2025-04-30,KAW Core Revised Internal,EWY,-0.07006761562394793
2025-05-31,KAW Core Revised Internal,EWY,-0.06882226163291971
2025-06-30,KAW Core Revised Internal,EWY,-0.05839047367883607
2025-07-31,KAW Core Revised Internal,EWY,-0.05910719492757776
2025-08-31,KAW Core Revised Internal,EWY,-0.06136347110113659
2025-09-30,KAW Core Revised Internal,EWY,-0.05542953421960131
2025-10-31,KAW Core Revised Internal,EWY,-0.0402349307572741
2025-11-30,KAW Core Revised Internal,EWY,-0.04558340233055503
2025-12-31,KAW Core Revised Internal,EWY,-0.037208571556586474
2026-01-31,KAW Core Revised Internal,EWY,-0.018984508493841225
2026-02-28,KAW Core Revised Internal,EWY,0.0006822878650129122
2026-03-31,KAW Core Revised Internal,EWY,-0.010903016020885356
2026-04-30,KAW Core Revised Internal,EWY,0.00492870006362388
2026-05-31,KAW Core Revised Internal,EWY,0.023410125064533216
2026-06-30,KAW Core Revised Internal,EWY,0.02268094696433837
2026-07-31,KAW Core Revised Internal,EWY,0.006371386451815952
2026-08-31,KAW Core Revised Internal,EWY,0.015479424965833422
2015-11-30,KAW Core Revised Internal,192090,0.0008824081577030263
2015-12-31,KAW Core Revised Internal,192090,0.004641523275837864
2016-01-31,KAW Core Revised Internal,192090,-0.009099450505799762
2016-02-29,KAW Core Revised Internal,192090,-0.011268880482411106
2016-03-31,KAW Core Revised Internal,192090,-0.004665985827929864
2016-04-30,KAW Core Revised Internal,192090,-0.005825321224118165
2016-05-31,KAW Core Revised Internal,192090,-0.010408168832999297
2016-06-30,KAW Core Revised Internal,192090,-0.011034359228492531
2016-07-31,KAW Core Revised Internal,192090,-0.011932011303151703
2016-08-31,KAW Core Revised Internal,192090,-0.009851500131145219
2016-09-30,KAW Core Revised Internal,192090,-0.010782768117730476
2016-10-31,KAW Core Revised Internal,192090,-0.009332022441344725
2016-11-30,KAW Core Revised Internal,192090,-0.007312965879874567
2016-12-31,KAW Core Revised Internal,192090,-0.01534517943639897
2017-01-31,KAW Core Revised Internal,192090,-0.014452194962010992
2017-02-28,KAW Core Revised Internal,192090,-0.016159904221886606
2017-03-31,KAW Core Revised Internal,192090,-0.016322186572147724
2017-04-30,KAW Core Revised Internal,192090,-0.01644920488244206
2017-05-31,KAW Core Revised Internal,192090,-0.015622347855696378
2017-06-30,KAW Core Revised Internal,192090,-0.010675108327966665
2017-07-31,KAW Core Revised Internal,192090,-0.010290183548591904
2017-08-31,KAW Core Revised Internal,192090,-0.006607607062867131
2017-09-30,KAW Core Revised Internal,192090,-0.00871481121094093
2017-10-31,KAW Core Revised Internal,192090,-0.00645830411446058
2017-11-30,KAW Core Revised Internal,192090,-0.007978041042213948
2017-12-31,KAW Core Revised Internal,192090,-0.0077115518730191445
2018-01-31,KAW Core Revised Internal,192090,-0.005832493984800411
2018-02-28,KAW Core Revised Internal,192090,-0.0065163279208540915
2018-03-31,KAW Core Revised Internal,192090,-0.0067387392478169515
2018-04-30,KAW Core Revised Internal,192090,-0.010404696625812095
2018-05-31,KAW Core Revised Internal,192090,-0.013370234983545457
2018-06-30,KAW Core Revised Internal,192090,-0.023631162698256696
2018-07-31,KAW Core Revised Internal,192090,-0.026786580531642755
2018-08-31,KAW Core Revised Internal,192090,-0.033641250871843886
2018-09-30,KAW Core Revised Internal,192090,-0.03292627514751551
2018-10-31,KAW Core Revised Internal,192090,-0.03503421779022763
2018-11-30,KAW Core Revised Internal,192090,-0.0358916795688636
2018-12-31,KAW Core Revised Internal,192090,-0.031495096267104596
2019-01-31,KAW Core Revised Internal,192090,-0.030999893341261294
2019-02-28,KAW Core Revised Internal,192090,-0.02155253854976691
2019-03-31,KAW Core Revised Internal,192090,-0.018971831061659714
2019-04-30,KAW Core Revised Internal,192090,-0.021623117359617
2019-05-31,KAW Core Revised Internal,192090,-0.024558587952606643
2019-06-30,KAW Core Revised Internal,192090,-0.02487156208753503
2019-07-31,KAW Core Revised Internal,192090,-0.026575729652424135
2019-08-31,KAW Core Revised Internal,192090,-0.02787661084106304
2019-09-30,KAW Core Revised Internal,192090,-0.028516699015410013
2019-10-31,KAW Core Revised Internal,192090,-0.0280049117531496
2019-11-30,KAW Core Revised Internal,192090,-0.032196788086093144
2019-12-31,KAW Core Revised Internal,192090,-0.028831045796951837
2020-01-31,KAW Core Revised Internal,192090,-0.03690483779731647
2020-02-29,KAW Core Revised Internal,192090,-0.02543646830267041
2020-03-31,KAW Core Revised Internal,192090,-0.020810075291432865
2020-04-30,KAW Core Revised Internal,192090,-0.025601027325238356
2020-05-31,KAW Core Revised Internal,192090,-0.03306236265697114
2020-06-30,KAW Core Revised Internal,192090,-0.027766198887586958
2020-07-31,KAW Core Revised Internal,192090,-0.017613495165354327
2020-08-31,KAW Core Revised Internal,192090,-0.01911171845350983
2020-09-30,KAW Core Revised Internal,192090,-0.018928100943781254
2020-10-31,KAW Core Revised Internal,192090,-0.013972699640346595
2020-11-30,KAW Core Revised Internal,192090,-0.017053774685064124
2020-12-31,KAW Core Revised Internal,192090,-0.017145292486057315
2021-01-31,KAW Core Revised Internal,192090,-0.013048777757165786
2021-02-28,KAW Core Revised Internal,192090,-0.013809527329368939
2021-03-31,KAW Core Revised Internal,192090,-0.02345762005683341
2021-04-30,KAW Core Revised Internal,192090,-0.02535607618477521
2021-05-31,KAW Core Revised Internal,192090,-0.021902607592584562
2021-06-30,KAW Core Revised Internal,192090,-0.02615393102111536
2021-07-31,KAW Core Revised Internal,192090,-0.034383861131679044
2021-08-31,KAW Core Revised Internal,192090,-0.037064370767591365
2021-09-30,KAW Core Revised Internal,192090,-0.032172623679383366
2021-10-31,KAW Core Revised Internal,192090,-0.036271310649549374
2021-11-30,KAW Core Revised Internal,192090,-0.037918531485874346
2021-12-31,KAW Core Revised Internal,192090,-0.039197685426074866
2022-01-31,KAW Core Revised Internal,192090,-0.04072275470488257
2022-02-28,KAW Core Revised Internal,192090,-0.037984576907868856
2022-03-31,KAW Core Revised Internal,192090,-0.0480308606018278
2022-04-30,KAW Core Revised Internal,192090,-0.04871071280058028
2022-05-31,KAW Core Revised Internal,192090,-0.04728391780334272
2022-06-30,KAW Core Revised Internal,192090,-0.03044959874736605
2022-07-31,KAW Core Revised Internal,192090,-0.044692601555556107
2022-08-31,KAW Core Revised Internal,192090,-0.04542656763575461
2022-09-30,KAW Core Revised Internal,192090,-0.04507114108273872
2022-10-31,KAW Core Revised Internal,192090,-0.06072906643093146
2022-11-30,KAW Core Revised Internal,192090,-0.05639806488415938
2022-12-31,KAW Core Revised Internal,192090,-0.048568377145726864
2023-01-31,KAW Core Revised Internal,192090,-0.04443493781506859
2023-02-28,KAW Core Revised Internal,192090,-0.04746293697333402
2023-03-31,KAW Core Revised Internal,192090,-0.04987056521450035
2023-04-30,KAW Core Revised Internal,192090,-0.05322987821126347
2023-05-31,KAW Core Revised Internal,192090,-0.05980441232145396
2023-06-30,KAW Core Revised Internal,192090,-0.06609118251082323
2023-07-31,KAW Core Revised Internal,192090,-0.06314381292053577
2023-08-31,KAW Core Revised Internal,192090,-0.06836391002341498
2023-09-30,KAW Core Revised Internal,192090,-0.06593565245307113
2023-10-31,KAW Core Revised Internal,192090,-0.06719685389872425
2023-11-30,KAW Core Revised Internal,192090,-0.0748010487812661
2023-12-31,KAW Core Revised Internal,192090,-0.07874176085967244
2024-01-31,KAW Core Revised Internal,192090,-0.08713235340190974
2024-02-29,KAW Core Revised Internal,192090,-0.08507329640685496
2024-03-31,KAW Core Revised Internal,192090,-0.08767996158547631
2024-04-30,KAW Core Revised Internal,192090,-0.081955126916249
2024-05-31,KAW Core Revised Internal,192090,-0.08618302734202624
2024-06-30,KAW Core Revised Internal,192090,-0.0936383605474885
2024-07-31,KAW Core Revised Internal,192090,-0.0924552892472205
2024-08-31,KAW Core Revised Internal,192090,-0.0954940488459751
2024-09-30,KAW Core Revised Internal,192090,-0.08057527386630867
2024-10-31,KAW Core Revised Internal,192090,-0.08235821234198114
2024-11-30,KAW Core Revised Internal,192090,-0.08893883432067078
2024-12-31,KAW Core Revised Internal,192090,-0.0855996414044837
2025-01-31,KAW Core Revised Internal,192090,-0.08952693423420405
2025-02-28,KAW Core Revised Internal,192090,-0.08759227174430062
2025-03-31,KAW Core Revised Internal,192090,-0.08411322905652201
2025-04-30,KAW Core Revised Internal,192090,-0.08596053160651133
2025-05-31,KAW Core Revised Internal,192090,-0.08761240261075696
2025-06-30,KAW Core Revised Internal,192090,-0.09002348353804403
2025-07-31,KAW Core Revised Internal,192090,-0.08898304088467607
2025-08-31,KAW Core Revised Internal,192090,-0.08020817955918887
2025-09-30,KAW Core Revised Internal,192090,-0.08079432048748605
2025-10-31,KAW Core Revised Internal,192090,-0.08213001758986742
2025-11-30,KAW Core Revised Internal,192090,-0.0837848057659794
2025-12-31,KAW Core Revised Internal,192090,-0.08072161716463025
2026-01-31,KAW Core Revised Internal,192090,-0.08020586017238418
2026-02-28,KAW Core Revised Internal,192090,-0.07874607722889392
2026-03-31,KAW Core Revised Internal,192090,-0.0774315623049712
2026-04-30,KAW Core Revised Internal,192090,-0.0799318644916401
2026-05-31,KAW Core Revised Internal,192090,-0.08161379312699384
2026-06-30,KAW Core Revised Internal,192090,-0.07984287589831629
2026-07-31,KAW Core Revised Internal,192090,-0.08503505506255665
2026-08-31,KAW Core Revised Internal,192090,-0.08852695352967033
2015-11-30,KAW Core Revised Internal,200250,-0.005136916184751501
2015-12-31,KAW Core Revised Internal,200250,-0.00377193444970014
2016-01-31,KAW Core Revised Internal,200250,-0.00651064022956239
2016-02-29,KAW Core Revised Internal,200250,-0.013114532501824039
2016-03-31,KAW Core Revised Internal,200250,-0.007199480559376704
2016-04-30,KAW Core Revised Internal,200250,-0.006088024439726379
2016-05-31,KAW Core Revised Internal,200250,-0.005306250736045362
2016-06-30,KAW Core Revised Internal,200250,-0.00533580344807037
2016-07-31,KAW Core Revised Internal,200250,-0.004323115446620712
2016-08-31,KAW Core Revised Internal,200250,-0.0036710010542730116
2016-09-30,KAW Core Revised Internal,200250,-0.004471396026152958
2016-10-31,KAW Core Revised Internal,200250,-0.003357068718688771
2016-11-30,KAW Core Revised Internal,200250,-0.013320267038472553
2016-12-31,KAW Core Revised Internal,200250,-0.016457232370747837
2017-01-31,KAW Core Revised Internal,200250,-0.012292938300848724
2017-02-28,KAW Core Revised Internal,200250,-0.011396011076505548
2017-03-31,KAW Core Revised Internal,200250,-0.005872396037568937
2017-04-30,KAW Core Revised Internal,200250,-0.004295785944322948
2017-05-31,KAW Core Revised Internal,200250,-0.003568541987931136
2017-06-30,KAW Core Revised Internal,200250,-0.006113863353063308
2017-07-31,KAW Core Revised Internal,200250,-0.002027211626323823
2017-08-31,KAW Core Revised Internal,200250,-0.003441742466903452
2017-09-30,KAW Core Revised Internal,200250,-0.007892724694030757
2017-10-31,KAW Core Revised Internal,200250,-0.004884870522037021
2017-11-30,KAW Core Revised Internal,200250,-0.0062773192051321924
2017-12-31,KAW Core Revised Internal,200250,-0.0058473178474953225
2018-01-31,KAW Core Revised Internal,200250,-0.006719095726481605
2018-02-28,KAW Core Revised Internal,200250,-0.008831338823215578
2018-03-31,KAW Core Revised Internal,200250,-0.009279748815455952
2018-04-30,KAW Core Revised Internal,200250,-0.006494987397222811
2018-05-31,KAW Core Revised Internal,200250,-0.010771202872887173
2018-06-30,KAW Core Revised Internal,200250,-0.013543619373418334
2018-07-31,KAW Core Revised Internal,200250,-0.010451544620026093
2018-08-31,KAW Core Revised Internal,200250,-0.01415601810327983
2018-09-30,KAW Core Revised Internal,200250,-0.02183441386574973
2018-10-31,KAW Core Revised Internal,200250,-0.023346272444680738
2018-11-30,KAW Core Revised Internal,200250,-0.01390061455585532
2018-12-31,KAW Core Revised Internal,200250,-0.007046811422256426
2019-01-31,KAW Core Revised Internal,200250,-0.01589220439737873
2019-02-28,KAW Core Revised Internal,200250,-0.018351717990204682
2019-03-31,KAW Core Revised Internal,200250,-0.01114256270861404
2019-04-30,KAW Core Revised Internal,200250,-0.015119655883514032
2019-05-31,KAW Core Revised Internal,200250,-0.008075233140109044
2019-06-30,KAW Core Revised Internal,200250,-0.013717705895280555
2019-07-31,KAW Core Revised Internal,200250,-0.021151274143906496
2019-08-31,KAW Core Revised Internal,200250,-0.023926642267015838
2019-09-30,KAW Core Revised Internal,200250,-0.02052872127814988
2019-10-31,KAW Core Revised Internal,200250,-0.018797648218481598
2019-11-30,KAW Core Revised Internal,200250,-0.02214329351950319
2019-12-31,KAW Core Revised Internal,200250,-0.02319970410744631
2020-01-31,KAW Core Revised Internal,200250,-0.024998534122440005
2020-02-29,KAW Core Revised Internal,200250,-0.02433328928710507
2020-03-31,KAW Core Revised Internal,200250,-0.03731124346035749
2020-04-30,KAW Core Revised Internal,200250,-0.03866851731261685
2020-05-31,KAW Core Revised Internal,200250,-0.04280016222343941
2020-06-30,KAW Core Revised Internal,200250,-0.03825837282127577
2020-07-31,KAW Core Revised Internal,200250,-0.035263699717510665
2020-08-31,KAW Core Revised Internal,200250,-0.03712441784275431
2020-09-30,KAW Core Revised Internal,200250,-0.03614793140198583
2020-10-31,KAW Core Revised Internal,200250,-0.03165803949301705
2020-11-30,KAW Core Revised Internal,200250,-0.031027642953890492
2020-12-31,KAW Core Revised Internal,200250,-0.02737305696937234
2021-01-31,KAW Core Revised Internal,200250,-0.0279719220874121
2021-02-28,KAW Core Revised Internal,200250,-0.024987990444557732
2021-03-31,KAW Core Revised Internal,200250,-0.02693047024921476
2021-04-30,KAW Core Revised Internal,200250,-0.032574022104960576
2021-05-31,KAW Core Revised Internal,200250,-0.028684669181912082
2021-06-30,KAW Core Revised Internal,200250,-0.0304970479817261
2021-07-31,KAW Core Revised Internal,200250,-0.03275883315924105
2021-08-31,KAW Core Revised Internal,200250,-0.02661245539481793
2021-09-30,KAW Core Revised Internal,200250,-0.0206458822238218
2021-10-31,KAW Core Revised Internal,200250,-0.026323259706883567
2021-11-30,KAW Core Revised Internal,200250,-0.030940535340923357
2021-12-31,KAW Core Revised Internal,200250,-0.033131422989078646
2022-01-31,KAW Core Revised Internal,200250,-0.029077768114357326
2022-02-28,KAW Core Revised Internal,200250,-0.027982223826437492
2022-03-31,KAW Core Revised Internal,200250,-0.02996299514217564
2022-04-30,KAW Core Revised Internal,200250,-0.026350099313717266
2022-05-31,KAW Core Revised Internal,200250,-0.028608521806085738
2022-06-30,KAW Core Revised Internal,200250,-0.028285538103107886
2022-07-31,KAW Core Revised Internal,200250,-0.02909375388273233
2022-08-31,KAW Core Revised Internal,200250,-0.024528399144104304
2022-09-30,KAW Core Revised Internal,200250,-0.02215851694153839
2022-10-31,KAW Core Revised Internal,200250,-0.024753330941435836
2022-11-30,KAW Core Revised Internal,200250,-0.024534249287913014
2022-12-31,KAW Core Revised Internal,200250,-0.022500773670692614
2023-01-31,KAW Core Revised Internal,200250,-0.028694796841872483
2023-02-28,KAW Core Revised Internal,200250,-0.030918620066209136
2023-03-31,KAW Core Revised Internal,200250,-0.034207695211395855
2023-04-30,KAW Core Revised Internal,200250,-0.032696626404763285
2023-05-31,KAW Core Revised Internal,200250,-0.030908819995913914
2023-06-30,KAW Core Revised Internal,200250,-0.03404699609486384
2023-07-31,KAW Core Revised Internal,200250,-0.03383441748679005
2023-08-31,KAW Core Revised Internal,200250,-0.034281212522598706
2023-09-30,KAW Core Revised Internal,200250,-0.029310410653450185
2023-10-31,KAW Core Revised Internal,200250,-0.030062024227147214
2023-11-30,KAW Core Revised Internal,200250,-0.03337641700534148
2023-12-31,KAW Core Revised Internal,200250,-0.029419731821422383
2024-01-31,KAW Core Revised Internal,200250,-0.031033524615637097
2024-02-29,KAW Core Revised Internal,200250,-0.034695723265877186
2024-03-31,KAW Core Revised Internal,200250,-0.037419040078906965
2024-04-30,KAW Core Revised Internal,200250,-0.03301922115647841
2024-05-31,KAW Core Revised Internal,200250,-0.037021432693451505
2024-06-30,KAW Core Revised Internal,200250,-0.03504390004999816
2024-07-31,KAW Core Revised Internal,200250,-0.03258873774790355
2024-08-31,KAW Core Revised Internal,200250,-0.03400467930148798
2024-09-30,KAW Core Revised Internal,200250,-0.034133416234495964
2024-10-31,KAW Core Revised Internal,200250,-0.039237896040265584
2024-11-30,KAW Core Revised Internal,200250,-0.04594265227652758
2024-12-31,KAW Core Revised Internal,200250,-0.045253634610712315
2025-01-31,KAW Core Revised Internal,200250,-0.04964321077012756
2025-02-28,KAW Core Revised Internal,200250,-0.05349174130278966
2025-03-31,KAW Core Revised Internal,200250,-0.04445206175009339
2025-04-30,KAW Core Revised Internal,200250,-0.0393611309117
2025-05-31,KAW Core Revised Internal,200250,-0.04296639846690988
2025-06-30,KAW Core Revised Internal,200250,-0.04532823777345975
2025-07-31,KAW Core Revised Internal,200250,-0.05201536117718902
2025-08-31,KAW Core Revised Internal,200250,-0.05417986215854908
2025-09-30,KAW Core Revised Internal,200250,-0.05853866885965919
2025-10-31,KAW Core Revised Internal,200250,-0.05672466644113474
2025-11-30,KAW Core Revised Internal,200250,-0.05551912753428085
2025-12-31,KAW Core Revised Internal,200250,-0.057632207304775716
2026-01-31,KAW Core Revised Internal,200250,-0.06263214802230813
2026-02-28,KAW Core Revised Internal,200250,-0.06101534361687663
2026-03-31,KAW Core Revised Internal,200250,-0.06859487290404405
2026-04-30,KAW Core Revised Internal,200250,-0.07422299840192907
2026-05-31,KAW Core Revised Internal,200250,-0.07937678535848612
2026-06-30,KAW Core Revised Internal,200250,-0.0775486406801006
2026-07-31,KAW Core Revised Internal,200250,-0.0765934045448115
2026-08-31,KAW Core Revised Internal,200250,-0.08102810530128256
2015-11-30,KAW Core Revised Internal,EWJ,6.156405257884412e-05
2015-12-31,KAW Core Revised Internal,EWJ,0.00047590568794763093
2016-01-31,KAW Core Revised Internal,EWJ,0.0001754660891099824
2016-02-29,KAW Core Revised Internal,EWJ,-0.0025122907963021747
2016-03-31,KAW Core Revised Internal,EWJ,-0.0034091808525295365
2016-04-30,KAW Core Revised Internal,EWJ,-0.0035615187827086727
2016-05-31,KAW Core Revised Internal,EWJ,-0.0027556732394289464
2016-06-30,KAW Core Revised Internal,EWJ,-0.0037437800995770544
2016-07-31,KAW Core Revised Internal,EWJ,-0.003147372472654331
2016-08-31,KAW Core Revised Internal,EWJ,-0.0023018996061251076
2016-09-30,KAW Core Revised Internal,EWJ,-0.0012583208355263055
2016-10-31,KAW Core Revised Internal,EWJ,1.7519853739444936e-05
2016-11-30,KAW Core Revised Internal,EWJ,-0.0024933911555868665
2016-12-31,KAW Core Revised Internal,EWJ,-0.0037805344917396294
2017-01-31,KAW Core Revised Internal,EWJ,-0.003180871760947274
2017-02-28,KAW Core Revised Internal,EWJ,-0.004453321326219662
2017-03-31,KAW Core Revised Internal,EWJ,-0.004255302005899426
2017-04-30,KAW Core Revised Internal,EWJ,-0.004403781456595763
2017-05-31,KAW Core Revised Internal,EWJ,-0.003737229252699287
2017-06-30,KAW Core Revised Internal,EWJ,-0.0033857173094256126
2017-07-31,KAW Core Revised Internal,EWJ,-0.0033791222301517328
2017-08-31,KAW Core Revised Internal,EWJ,-0.003571485989151036
2017-09-30,KAW Core Revised Internal,EWJ,-0.0036669125563514545
2017-10-31,KAW Core Revised Internal,EWJ,-0.002235107560837247
2017-11-30,KAW Core Revised Internal,EWJ,-0.0026719607181270484
2017-12-31,KAW Core Revised Internal,EWJ,-0.002830236196579456
2018-01-31,KAW Core Revised Internal,EWJ,-0.0032405080585231234
2018-02-28,KAW Core Revised Internal,EWJ,-0.002905882723037951
2018-03-31,KAW Core Revised Internal,EWJ,-0.0018716132297238181
2018-04-30,KAW Core Revised Internal,EWJ,-0.002165018528540947
2018-05-31,KAW Core Revised Internal,EWJ,-0.004141764096308433
2018-06-30,KAW Core Revised Internal,EWJ,-0.005640023326931922
2018-07-31,KAW Core Revised Internal,EWJ,-0.0069472221597755915
2018-08-31,KAW Core Revised Internal,EWJ,-0.00881347753600837
2018-09-30,KAW Core Revised Internal,EWJ,-0.007388559691075343
2018-10-31,KAW Core Revised Internal,EWJ,-0.008431128581565018
2018-11-30,KAW Core Revised Internal,EWJ,-0.008894158458350454
2018-12-31,KAW Core Revised Internal,EWJ,-0.008119128923726054
2019-01-31,KAW Core Revised Internal,EWJ,-0.008829023842734578
2019-02-28,KAW Core Revised Internal,EWJ,-0.010384628161211223
2019-03-31,KAW Core Revised Internal,EWJ,-0.010968411016325947
2019-04-30,KAW Core Revised Internal,EWJ,-0.012407225226183866
2019-05-31,KAW Core Revised Internal,EWJ,-0.01163835340585247
2019-06-30,KAW Core Revised Internal,EWJ,-0.012848140765856992
2019-07-31,KAW Core Revised Internal,EWJ,-0.01384058296024045
2019-08-31,KAW Core Revised Internal,EWJ,-0.013391238659921385
2019-09-30,KAW Core Revised Internal,EWJ,-0.011761604088610062
2019-10-31,KAW Core Revised Internal,EWJ,-0.01117458130189386
2019-11-30,KAW Core Revised Internal,EWJ,-0.012358817945498835
2019-12-31,KAW Core Revised Internal,EWJ,-0.013332936082978392
2020-01-31,KAW Core Revised Internal,EWJ,-0.014629530953533715
2020-02-29,KAW Core Revised Internal,EWJ,-0.014822304818708311
2020-03-31,KAW Core Revised Internal,EWJ,-0.01193650204670767
2020-04-30,KAW Core Revised Internal,EWJ,-0.014456658133392404
2020-05-31,KAW Core Revised Internal,EWJ,-0.014732858225327335
2020-06-30,KAW Core Revised Internal,EWJ,-0.015638549411207403
2020-07-31,KAW Core Revised Internal,EWJ,-0.01909464777104931
2020-08-31,KAW Core Revised Internal,EWJ,-0.019188377518398157
2020-09-30,KAW Core Revised Internal,EWJ,-0.01590077694572431
2020-10-31,KAW Core Revised Internal,EWJ,-0.015908248160799682
2020-11-30,KAW Core Revised Internal,EWJ,-0.016063665815393684
2020-12-31,KAW Core Revised Internal,EWJ,-0.015128003330844035
2021-01-31,KAW Core Revised Internal,EWJ,-0.015168891630448449
2021-02-28,KAW Core Revised Internal,EWJ,-0.015644004652189607
2021-03-31,KAW Core Revised Internal,EWJ,-0.01770889676828135
2021-04-30,KAW Core Revised Internal,EWJ,-0.02109417722620006
2021-05-31,KAW Core Revised Internal,EWJ,-0.020557059233529594
2021-06-30,KAW Core Revised Internal,EWJ,-0.02209026785620749
2021-07-31,KAW Core Revised Internal,EWJ,-0.023646292657684607
2021-08-31,KAW Core Revised Internal,EWJ,-0.02418067370889393
2021-09-30,KAW Core Revised Internal,EWJ,-0.020417610873068377
2021-10-31,KAW Core Revised Internal,EWJ,-0.025175865435693487
2021-11-30,KAW Core Revised Internal,EWJ,-0.026309526864880875
2021-12-31,KAW Core Revised Internal,EWJ,-0.02778765780492112
2022-01-31,KAW Core Revised Internal,EWJ,-0.0281845757946553
2022-02-28,KAW Core Revised Internal,EWJ,-0.026395344108960835
2022-03-31,KAW Core Revised Internal,EWJ,-0.029372883815678076
2022-04-30,KAW Core Revised Internal,EWJ,-0.02901797998523268
2022-05-31,KAW Core Revised Internal,EWJ,-0.028283495412356738
2022-06-30,KAW Core Revised Internal,EWJ,-0.02783974891906438
2022-07-31,KAW Core Revised Internal,EWJ,-0.029310415770828394
2022-08-31,KAW Core Revised Internal,EWJ,-0.02955864089770397
2022-09-30,KAW Core Revised Internal,EWJ,-0.029345724488373803
2022-10-31,KAW Core Revised Internal,EWJ,-0.03222542026141693
2022-11-30,KAW Core Revised Internal,EWJ,-0.02939913876815621
2022-12-31,KAW Core Revised Internal,EWJ,-0.02682375104735041
2023-01-31,KAW Core Revised Internal,EWJ,-0.027089080190078944
2023-02-28,KAW Core Revised Internal,EWJ,-0.02823392819918456
2023-03-31,KAW Core Revised Internal,EWJ,-0.027639847604920536
2023-04-30,KAW Core Revised Internal,EWJ,-0.02833299245706618
2023-05-31,KAW Core Revised Internal,EWJ,-0.0281414846681865
2023-06-30,KAW Core Revised Internal,EWJ,-0.02886609354793317
2023-07-31,KAW Core Revised Internal,EWJ,-0.029261026024068642
2023-08-31,KAW Core Revised Internal,EWJ,-0.0298733526495255
2023-09-30,KAW Core Revised Internal,EWJ,-0.027777807968688867
2023-10-31,KAW Core Revised Internal,EWJ,-0.028565854461893452
2023-11-30,KAW Core Revised Internal,EWJ,-0.029972528490677868
2023-12-31,KAW Core Revised Internal,EWJ,-0.029711235580590616
2024-01-31,KAW Core Revised Internal,EWJ,-0.02948036597094648
2024-02-29,KAW Core Revised Internal,EWJ,-0.02989425521015317
2024-03-31,KAW Core Revised Internal,EWJ,-0.029916482839855558
2024-04-30,KAW Core Revised Internal,EWJ,-0.030781927792713604
2024-05-31,KAW Core Revised Internal,EWJ,-0.03203836163710705
2024-06-30,KAW Core Revised Internal,EWJ,-0.03398161805943373
2024-07-31,KAW Core Revised Internal,EWJ,-0.03260591453966965
2024-08-31,KAW Core Revised Internal,EWJ,-0.033057796907981
2024-09-30,KAW Core Revised Internal,EWJ,-0.03438900209412871
2024-10-31,KAW Core Revised Internal,EWJ,-0.03646319132134922
2024-11-30,KAW Core Revised Internal,EWJ,-0.0382740452960246
2024-12-31,KAW Core Revised Internal,EWJ,-0.03793607133344859
2025-01-31,KAW Core Revised Internal,EWJ,-0.03859772903011593
2025-02-28,KAW Core Revised Internal,EWJ,-0.037841600187682324
2025-03-31,KAW Core Revised Internal,EWJ,-0.03494644316263087
2025-04-30,KAW Core Revised Internal,EWJ,-0.032502631471578704
2025-05-31,KAW Core Revised Internal,EWJ,-0.03371473273744751
2025-06-30,KAW Core Revised Internal,EWJ,-0.035275906194967725
2025-07-31,KAW Core Revised Internal,EWJ,-0.03739328699010009
2025-08-31,KAW Core Revised Internal,EWJ,-0.03526527026622414
2025-09-30,KAW Core Revised Internal,EWJ,-0.03582096156388425
2025-10-31,KAW Core Revised Internal,EWJ,-0.03498082249096105
2025-11-30,KAW Core Revised Internal,EWJ,-0.03535143212542668
2025-12-31,KAW Core Revised Internal,EWJ,-0.03490882533152679
2026-01-31,KAW Core Revised Internal,EWJ,-0.032615701718253926
2026-02-28,KAW Core Revised Internal,EWJ,-0.028293948006255322
2026-03-31,KAW Core Revised Internal,EWJ,-0.03020789380264299
2026-04-30,KAW Core Revised Internal,EWJ,-0.03265254893745675
2026-05-31,KAW Core Revised Internal,EWJ,-0.03312444620268764
2026-06-30,KAW Core Revised Internal,EWJ,-0.03213649400961843
2026-07-31,KAW Core Revised Internal,EWJ,-0.03258521594589055
2026-08-31,KAW Core Revised Internal,EWJ,-0.03220681145960356
2015-11-30,KAW Core Revised Internal,TLT,-0.003748184396730658
2015-12-31,KAW Core Revised Internal,TLT,-0.0022865046361818294
2016-01-31,KAW Core Revised Internal,TLT,0.03331466691025824
2016-02-29,KAW Core Revised Internal,TLT,0.04310030125045243
2016-03-31,KAW Core Revised Internal,TLT,0.024294506032560902
2016-04-30,KAW Core Revised Internal,TLT,0.02092276853946341
2016-05-31,KAW Core Revised Internal,TLT,0.018108347689123117
2016-06-30,KAW Core Revised Internal,TLT,0.03726099108446482
2016-07-31,KAW Core Revised Internal,TLT,0.03273932532609834
2016-08-31,KAW Core Revised Internal,TLT,0.029366749352247055
2016-09-30,KAW Core Revised Internal,TLT,0.0248762736968672
2016-10-31,KAW Core Revised Internal,TLT,0.016610470993977056
2016-11-30,KAW Core Revised Internal,TLT,-0.019740756772974474
2016-12-31,KAW Core Revised Internal,TLT,-0.026625875520342155
2017-01-31,KAW Core Revised Internal,TLT,-0.03024589805983586
2017-02-28,KAW Core Revised Internal,TLT,-0.03706745651238162
2017-03-31,KAW Core Revised Internal,TLT,-0.03937299285160397
2017-04-30,KAW Core Revised Internal,TLT,-0.03761093410556099
2017-05-31,KAW Core Revised Internal,TLT,-0.03619502969661331
2017-06-30,KAW Core Revised Internal,TLT,-0.03572070685281191
2017-07-31,KAW Core Revised Internal,TLT,-0.04366723917644794
2017-08-31,KAW Core Revised Internal,TLT,-0.03427621673394152
2017-09-30,KAW Core Revised Internal,TLT,-0.04754918157412718
2017-10-31,KAW Core Revised Internal,TLT,-0.05459306804089471
2017-11-30,KAW Core Revised Internal,TLT,-0.06126919851470178
2017-12-31,KAW Core Revised Internal,TLT,-0.05881899392477978
2018-01-31,KAW Core Revised Internal,TLT,-0.0862125717053521
2018-02-28,KAW Core Revised Internal,TLT,-0.08441722703731648
2018-03-31,KAW Core Revised Internal,TLT,-0.06788575469990232
2018-04-30,KAW Core Revised Internal,TLT,-0.07575546186729659
2018-05-31,KAW Core Revised Internal,TLT,-0.07704743329391274
2018-06-30,KAW Core Revised Internal,TLT,-0.07682757391892134
2018-07-31,KAW Core Revised Internal,TLT,-0.09213724599389984
2018-08-31,KAW Core Revised Internal,TLT,-0.09779368898496137
2018-09-30,KAW Core Revised Internal,TLT,-0.10814093493628228
2018-10-31,KAW Core Revised Internal,TLT,-0.09592872354823208
2018-11-30,KAW Core Revised Internal,TLT,-0.09612814217369564
2018-12-31,KAW Core Revised Internal,TLT,-0.05244821370104853
2019-01-31,KAW Core Revised Internal,TLT,-0.07493084029465699
2019-02-28,KAW Core Revised Internal,TLT,-0.08886092264463302
2019-03-31,KAW Core Revised Internal,TLT,-0.07738160049704781
2019-04-30,KAW Core Revised Internal,TLT,-0.09607564183484643
2019-05-31,KAW Core Revised Internal,TLT,-0.055570613285880005
2019-06-30,KAW Core Revised Internal,TLT,-0.0730974520970955
2019-07-31,KAW Core Revised Internal,TLT,-0.07696420408872115
2019-08-31,KAW Core Revised Internal,TLT,-0.03812297751307178
2019-09-30,KAW Core Revised Internal,TLT,-0.05189468970878085
2019-10-31,KAW Core Revised Internal,TLT,-0.06158013647112084
2019-11-30,KAW Core Revised Internal,TLT,-0.07379920631859363
2019-12-31,KAW Core Revised Internal,TLT,-0.08788621539821329
2020-01-31,KAW Core Revised Internal,TLT,-0.068547858602823
2020-02-29,KAW Core Revised Internal,TLT,-0.024029838278323577
2020-03-31,KAW Core Revised Internal,TLT,0.03281162839949412
2020-04-30,KAW Core Revised Internal,TLT,0.0015069507807159224
2020-05-31,KAW Core Revised Internal,TLT,-0.0214558989004334
2020-06-30,KAW Core Revised Internal,TLT,-0.025628499386602242
2020-07-31,KAW Core Revised Internal,TLT,-0.029958475152575645
2020-08-31,KAW Core Revised Internal,TLT,-0.06596062946026571
2020-09-30,KAW Core Revised Internal,TLT,-0.04875524770923868
2020-10-31,KAW Core Revised Internal,TLT,-0.05502188298861607
2020-11-30,KAW Core Revised Internal,TLT,-0.08204675860750019
2020-12-31,KAW Core Revised Internal,TLT,-0.0953681705662035
2021-01-31,KAW Core Revised Internal,TLT,-0.10464586289963868
2021-02-28,KAW Core Revised Internal,TLT,-0.13034324830542057
2021-03-31,KAW Core Revised Internal,TLT,-0.15991062510081847
2021-04-30,KAW Core Revised Internal,TLT,-0.1681453664230703
2021-05-31,KAW Core Revised Internal,TLT,-0.17012774281815166
2021-06-30,KAW Core Revised Internal,TLT,-0.1635266612897808
2021-07-31,KAW Core Revised Internal,TLT,-0.1596581226355255
2021-08-31,KAW Core Revised Internal,TLT,-0.16974842337635124
2021-09-30,KAW Core Revised Internal,TLT,-0.16437295992780263
2021-10-31,KAW Core Revised Internal,TLT,-0.17783827355845183
2021-11-30,KAW Core Revised Internal,TLT,-0.16689860347641858
2021-12-31,KAW Core Revised Internal,TLT,-0.18890756538657846
2022-01-31,KAW Core Revised Internal,TLT,-0.18216256950791596
2022-02-28,KAW Core Revised Internal,TLT,-0.17872437794452734
2022-03-31,KAW Core Revised Internal,TLT,-0.2067245982870371
2022-04-30,KAW Core Revised Internal,TLT,-0.20875786811443875
2022-05-31,KAW Core Revised Internal,TLT,-0.2160163664786256
2022-06-30,KAW Core Revised Internal,TLT,-0.19432768159818797
2022-07-31,KAW Core Revised Internal,TLT,-0.21477837428479646
2022-08-31,KAW Core Revised Internal,TLT,-0.21624862227206804
2022-09-30,KAW Core Revised Internal,TLT,-0.21302179333092697
2022-10-31,KAW Core Revised Internal,TLT,-0.255046018904893
2022-11-30,KAW Core Revised Internal,TLT,-0.2505936967423894
2022-12-31,KAW Core Revised Internal,TLT,-0.23536958510995792
2023-01-31,KAW Core Revised Internal,TLT,-0.2383509539809726
2023-02-28,KAW Core Revised Internal,TLT,-0.24585401777128624
2023-03-31,KAW Core Revised Internal,TLT,-0.2425156863602057
2023-04-30,KAW Core Revised Internal,TLT,-0.2464180186019726
2023-05-31,KAW Core Revised Internal,TLT,-0.2567113333253964
2023-06-30,KAW Core Revised Internal,TLT,-0.27551888374338246
2023-07-31,KAW Core Revised Internal,TLT,-0.29237619610286014
2023-08-31,KAW Core Revised Internal,TLT,-0.29709323324155074
2023-09-30,KAW Core Revised Internal,TLT,-0.30673909401916727
2023-10-31,KAW Core Revised Internal,TLT,-0.31676467966077176
2023-11-30,KAW Core Revised Internal,TLT,-0.3145011110232398
2023-12-31,KAW Core Revised Internal,TLT,-0.29497677506164216
2024-01-31,KAW Core Revised Internal,TLT,-0.3136186961544985
2024-02-29,KAW Core Revised Internal,TLT,-0.3361454779089972
2024-03-31,KAW Core Revised Internal,TLT,-0.34369936088882125
2024-04-30,KAW Core Revised Internal,TLT,-0.351161903424323
2024-05-31,KAW Core Revised Internal,TLT,-0.35762865938614913
2024-06-30,KAW Core Revised Internal,TLT,-0.3628034768943841
2024-07-31,KAW Core Revised Internal,TLT,-0.3556460325827396
2024-08-31,KAW Core Revised Internal,TLT,-0.35630474705059323
2024-09-30,KAW Core Revised Internal,TLT,-0.35660375874881445
2024-10-31,KAW Core Revised Internal,TLT,-0.37094948677208356
2024-11-30,KAW Core Revised Internal,TLT,-0.3830051903930677
2024-12-31,KAW Core Revised Internal,TLT,-0.39287599400086576
2025-01-31,KAW Core Revised Internal,TLT,-0.4020081931979558
2025-02-28,KAW Core Revised Internal,TLT,-0.38098953006497244
2025-03-31,KAW Core Revised Internal,TLT,-0.3676881253070184
2025-04-30,KAW Core Revised Internal,TLT,-0.36911999152964897
2025-05-31,KAW Core Revised Internal,TLT,-0.39653806652286067
2025-06-30,KAW Core Revised Internal,TLT,-0.4038432428956996
2025-07-31,KAW Core Revised Internal,TLT,-0.41450102313520587
2025-08-31,KAW Core Revised Internal,TLT,-0.42058749845479776
2025-09-30,KAW Core Revised Internal,TLT,-0.42049960675345155
2025-10-31,KAW Core Revised Internal,TLT,-0.42355232602354204
2025-11-30,KAW Core Revised Internal,TLT,-0.42331425386805216
2025-12-31,KAW Core Revised Internal,TLT,-0.42973422761718255
2026-01-31,KAW Core Revised Internal,TLT,-0.4359447716692515
2026-02-28,KAW Core Revised Internal,TLT,-0.41940983767938766
2026-03-31,KAW Core Revised Internal,TLT,-0.41718085038845926
2026-04-30,KAW Core Revised Internal,TLT,-0.4505518449440599
2026-05-31,KAW Core Revised Internal,TLT,-0.4649442270773875
2026-06-30,KAW Core Revised Internal,TLT,-0.45812380471355985
2026-07-31,KAW Core Revised Internal,TLT,-0.47053149351562856
2026-08-31,KAW Core Revised Internal,TLT,-0.4758253652505637
2015-11-30,QQQ 100%,QQQ,0.0024651441568714905
2015-12-31,QQQ 100%,QQQ,0.011280368872087276
2016-01-31,QQQ 100%,QQQ,-0.015589033586765
2016-02-29,QQQ 100%,QQQ,-0.03085296829610029
2016-03-31,QQQ 100%,QQQ,-0.029695004725691976
2016-04-30,QQQ 100%,QQQ,-0.06529061993032592
2016-05-31,QQQ 100%,QQQ,-0.03733719028277227
2016-06-30,QQQ 100%,QQQ,-0.06278651586298079
2016-07-31,QQQ 100%,QQQ,-0.028598883294066457
2016-08-31,QQQ 100%,QQQ,-0.01936936212679219
2016-09-30,QQQ 100%,QQQ,0.002453854318148263
2016-10-31,QQQ 100%,QQQ,0.0053319132828320015
2016-11-30,QQQ 100%,QQQ,-0.027746011974397744
2016-12-31,QQQ 100%,QQQ,-0.02172838823057921
2017-01-31,QQQ 100%,QQQ,-0.00391648301637626
2017-02-28,QQQ 100%,QQQ,0.00040805699597257217
2017-03-31,QQQ 100%,QQQ,0.01914266374923812
2017-04-30,QQQ 100%,QQQ,0.036687783287603026
2017-05-31,QQQ 100%,QQQ,0.061307918551078866
2017-06-30,QQQ 100%,QQQ,0.031037260570167757
2017-07-31,QQQ 100%,QQQ,0.05061627806224356
2017-08-31,QQQ 100%,QQQ,0.06851106272379182
2017-09-30,QQQ 100%,QQQ,0.04494887052850405
2017-10-31,QQQ 100%,QQQ,0.06700719710803449
2017-11-30,QQQ 100%,QQQ,0.05657130104393693
2017-12-31,QQQ 100%,QQQ,0.06054142225815695
2018-01-31,QQQ 100%,QQQ,0.08099217606404141
2018-02-28,QQQ 100%,QQQ,0.10457470630160481
2018-03-31,QQQ 100%,QQQ,0.09141216727065571
2018-04-30,QQQ 100%,QQQ,0.09130157624452184
2018-05-31,QQQ 100%,QQQ,0.1240402224339433
2018-06-30,QQQ 100%,QQQ,0.1299542286015819
2018-07-31,QQQ 100%,QQQ,0.12093899010858633
2018-08-31,QQQ 100%,QQQ,0.14690148502041056
2018-09-30,QQQ 100%,QQQ,0.13816460428012345
2018-10-31,QQQ 100%,QQQ,0.12092684778859641
2018-11-30,QQQ 100%,QQQ,0.10011302535041122
2018-12-31,QQQ 100%,QQQ,0.09659527330099105
2019-01-31,QQQ 100%,QQQ,0.11248595784152593
2019-02-28,QQQ 100%,QQQ,0.10996843641322418
2019-03-31,QQQ 100%,QQQ,0.1314778908330031
2019-04-30,QQQ 100%,QQQ,0.14597900879527226
2019-05-31,QQQ 100%,QQQ,0.12709966460114208
2019-06-30,QQQ 100%,QQQ,0.13323895984262923
2019-07-31,QQQ 100%,QQQ,0.14168644875515646
2019-08-31,QQQ 100%,QQQ,0.13939514164771016
2019-09-30,QQQ 100%,QQQ,0.12919417626141705
2019-10-31,QQQ 100%,QQQ,0.15026898151633816
2019-11-30,QQQ 100%,QQQ,0.15481638641942463
2019-12-31,QQQ 100%,QQQ,0.16634693359417507
2020-01-31,QQQ 100%,QQQ,0.19599455436746005
2020-02-29,QQQ 100%,QQQ,0.21496451278988815
2020-03-31,QQQ 100%,QQQ,0.2672073360364797
2020-04-30,QQQ 100%,QQQ,0.28831142636785945
2020-05-31,QQQ 100%,QQQ,0.30855609480338386
2020-06-30,QQQ 100%,QQQ,0.3522451381702535
2020-07-31,QQQ 100%,QQQ,0.3667108594221796
2020-08-31,QQQ 100%,QQQ,0.40627732069125366
2020-09-30,QQQ 100%,QQQ,0.38326614404019466
2020-10-31,QQQ 100%,QQQ,0.38104800947374495
2020-11-30,QQQ 100%,QQQ,0.3844511677935285
2020-12-31,QQQ 100%,QQQ,0.39957489637318755
2021-01-31,QQQ 100%,QQQ,0.4093706964232091
2021-02-28,QQQ 100%,QQQ,0.3800508508300735
2021-03-31,QQQ 100%,QQQ,0.35161533593025207
2021-04-30,QQQ 100%,QQQ,0.3576902363751162
2021-05-31,QQQ 100%,QQQ,0.3389327801814501
2021-06-30,QQQ 100%,QQQ,0.37956910966282664
2021-07-31,QQQ 100%,QQQ,0.38381262562869667
2021-08-31,QQQ 100%,QQQ,0.3964168004433226
2021-09-30,QQQ 100%,QQQ,0.38596714704942836
2021-10-31,QQQ 100%,QQQ,0.3943267061739535
2021-11-30,QQQ 100%,QQQ,0.42289058012984304
2021-12-31,QQQ 100%,QQQ,0.3892253271529731
2022-01-31,QQQ 100%,QQQ,0.32120330748955994
2022-02-28,QQQ 100%,QQQ,0.33983151225769515
2022-03-31,QQQ 100%,QQQ,0.3490483368839141
2022-04-30,QQQ 100%,QQQ,0.29856706708367653
2022-05-31,QQQ 100%,QQQ,0.2808788245980254
2022-06-30,QQQ 100%,QQQ,0.2740156211043563
2022-07-31,QQQ 100%,QQQ,0.3076382963707205
2022-08-31,QQQ 100%,QQQ,0.2967358198350586
2022-09-30,QQQ 100%,QQQ,0.28298071621269716
2022-10-31,QQQ 100%,QQQ,0.24194958588715432
2022-11-30,QQQ 100%,QQQ,0.24180988348235577
2022-12-31,QQQ 100%,QQQ,0.22107648674922475
2023-01-31,QQQ 100%,QQQ,0.251053113019569
2023-02-28,QQQ 100%,QQQ,0.27411778453200997
2023-03-31,QQQ 100%,QQQ,0.33100836180414905
2023-04-30,QQQ 100%,QQQ,0.31975190802029596
2023-05-31,QQQ 100%,QQQ,0.39299561768943303
2023-06-30,QQQ 100%,QQQ,0.3912324335010823
2023-07-31,QQQ 100%,QQQ,0.3968999151409782
2023-08-31,QQQ 100%,QQQ,0.3983739100707988
2023-09-30,QQQ 100%,QQQ,0.38977259957878674
2023-10-31,QQQ 100%,QQQ,0.3961064306647023
2023-11-30,QQQ 100%,QQQ,0.41220479845054314
2023-12-31,QQQ 100%,QQQ,0.4408145745820967
2024-01-31,QQQ 100%,QQQ,0.42483805196585467
2024-02-29,QQQ 100%,QQQ,0.4254879461302866
2024-03-31,QQQ 100%,QQQ,0.4052901397575278
2024-04-30,QQQ 100%,QQQ,0.40178164919670556
2024-05-31,QQQ 100%,QQQ,0.4126423396075919
2024-06-30,QQQ 100%,QQQ,0.4423059323889954
2024-07-31,QQQ 100%,QQQ,0.413812073529941
2024-08-31,QQQ 100%,QQQ,0.40180083595339844
2024-09-30,QQQ 100%,QQQ,0.4069436283587491
2024-10-31,QQQ 100%,QQQ,0.4072342696232525
2024-11-30,QQQ 100%,QQQ,0.401043726952655
2024-12-31,QQQ 100%,QQQ,0.44416308052335185
2025-01-31,QQQ 100%,QQQ,0.42685016007199084
2025-02-28,QQQ 100%,QQQ,0.41242864556856107
2025-03-31,QQQ 100%,QQQ,0.3919791263267626
2025-04-30,QQQ 100%,QQQ,0.41387605626407487
2025-05-31,QQQ 100%,QQQ,0.44172976985529666
2025-06-30,QQQ 100%,QQQ,0.4540026248356541
2025-07-31,QQQ 100%,QQQ,0.45524631294786433
2025-08-31,QQQ 100%,QQQ,0.4443225624613756
2025-09-30,QQQ 100%,QQQ,0.4627100266710902
2025-10-31,QQQ 100%,QQQ,0.48703300703930186
2025-11-30,QQQ 100%,QQQ,0.4690115393692056
2025-12-31,QQQ 100%,QQQ,0.467587684209691
2026-01-31,QQQ 100%,QQQ,0.4590828108517886
2026-02-28,QQQ 100%,QQQ,0.4442424598372209
2026-03-31,QQQ 100%,QQQ,0.44528896304807264
2026-04-30,QQQ 100%,QQQ,0.4961258344601923
2026-05-31,QQQ 100%,QQQ,0.5499509720867913
2026-06-30,QQQ 100%,QQQ,0.5590665648369791
2026-07-31,QQQ 100%,QQQ,0.49844244140195837
2026-08-31,QQQ 100%,QQQ,0.5095781319743564
